IK	IA	degisken	deger
1	Adana	TYYS	601.3179589324606
1	Adana	TYA	17938344.175508812
1	Adana	TOPA	6460488.406284984
1	Adana	TOPB	1756958.817922638
1	Adana	TOPC	951485.1425940723
1	Adana	TARA	3512596.331493524
1	Adana	TARB	2071463.9541768811
1	Adana	TARC	2598394.8954246845
1	Adana	SEBA	122106.57072570396
1	Adana	SEBB	105980.1040965258
1	Adana	SEBC	1020.4182444045202
1	Adana	MEYA	190813.8112325498
1	Adana	MEYB	217849.85162258323
1	Adana	MEYC	53774.36446558846
1	Adana	KAVA	15850.592265211202
1	Adana	KAVB	8408.866148271683
1	Adana	KAVC	2780.6031692768247
1	Adana	TEOKA	42699.05162718426
1	Adana	TEOKB	2607.1346789762047
1	Adana	TEOKC	55202.03644244631
1	Adana	MEAA	17416.835080566056
1	Adana	MEAB	3816.5575405871464
1	Adana	MEAC	26651.969192596327
1	Adana	NAD	159845.31597382706
1	Adana	PAS	627267.3808047001
1	Adana	FORE	4111933.219904022
1	Adana	TEA	1221861.6139609094
1	Adana	KOY	480722.08771992254
2	Adıyaman	TYYS	304.59172886068484
2	Adıyaman	TYA	6392534.58211924
2	Adıyaman	TOPA	2480472.3692891328
2	Adıyaman	TOPB	469410.94527111965
2	Adıyaman	TOPC	2308001.3290668293
2	Adıyaman	TARA	2620186.9471728494
2	Adıyaman	TARB	363937.9040372379
2	Adıyaman	TARC	1643897.8875592784
2	Adıyaman	SEBA	74942.03943445167
2	Adıyaman	SEBB	51811.387757171266
2	Adıyaman	SEBC	5247.534855158153
2	Adıyaman	MEYA	141990.97962594475
2	Adıyaman	MEYB	25074.895988629007
2	Adıyaman	MEYC	196333.83705368033
2	Adıyaman	KAVA	37994.23940736662
2	Adıyaman	KAVB	18117.80784253055
2	Adıyaman	KAVC	6357.764013405526
2	Adıyaman	TEOKA	167710.63452527038
2	Adıyaman	TEOKB	5301.300640839952
2	Adıyaman	TEOKC	80192.61399672466
2	Adıyaman	MEAA	13307.538439409207
2	Adıyaman	MEAB	830.7143507056301
2	Adıyaman	MEAC	13170.143081521253
2	Adıyaman	NAD	164818.5047299256
2	Adıyaman	PAS	658862.2104930205
2	Adıyaman	FORE	782313.9873401439
2	Adıyaman	TEA	797994.7424194312
2	Adıyaman	KOY	122223.67575058978
3	Afyonkarahisar	TYYS	460.16329284524954
3	Afyonkarahisar	TYA	12245937.990492199
3	Afyonkarahisar	TOPA	2990802.052781771
3	Afyonkarahisar	TOPB	741597.4304103588
3	Afyonkarahisar	TOPC	2653977.7630398916
3	Afyonkarahisar	TARA	3449938.130712592
3	Afyonkarahisar	TARB	1252140.532397725
3	Afyonkarahisar	TARC	3527647.8071878413
3	Afyonkarahisar	SEBA	125506.28915949781
3	Afyonkarahisar	SEBB	61068.45159632355
3	Afyonkarahisar	SEBC	26394.72289055709
3	Afyonkarahisar	MEYA	311768.1981170204
3	Afyonkarahisar	MEYB	187047.50179072944
3	Afyonkarahisar	MEYC	17445.33986836752
3	Afyonkarahisar	KAVA	20948.731294819758
3	Afyonkarahisar	KAVB	17840.00545607536
3	Afyonkarahisar	KAVC	3655.053954360713
3	Afyonkarahisar	TEOKA	129660.6165371105
3	Afyonkarahisar	TEOKB	22470.71832166321
3	Afyonkarahisar	TEOKC	123780.23074926846
3	Afyonkarahisar	MEAA	104205.19944462611
3	Afyonkarahisar	MEAB	23589.862393919477
3	Afyonkarahisar	MEAC	135676.91051088873
3	Afyonkarahisar	NAD	896420.2907366481
3	Afyonkarahisar	PAS	3027131.515771621
3	Afyonkarahisar	FORE	1963046.503263812
3	Afyonkarahisar	TEA	1209561.0972288474
3	Afyonkarahisar	KOY	419068.7725521502
4	Ağrı	TYYS	446.2395332524969
4	Ağrı	TYA	10270382.814508107
4	Ağrı	TOPA	5119510.851536712
4	Ağrı	TOPB	768211.1437577815
4	Ağrı	TOPC	2142585.1197161186
4	Ağrı	TARA	884218.9661471513
4	Ağrı	TARB	391207.1509339367
4	Ağrı	TARC	1833147.1063343126
4	Ağrı	SEBA	8234.276929211392
4	Ağrı	SEBB	2935.246111330183
4	Ağrı	SEBC	4095.912049243724
4	Ağrı	MEYA	166.78426936637857
4	Ağrı	MEYB	65.98666847874392
4	Ağrı	MEYC	115.12576476619105
4	Ağrı	KAVA	20869.979389330583
4	Ağrı	KAVB	10180.355532936524
4	Ağrı	KAVC	3516.42175850477
4	Ağrı	TEOKA	192661.0303191082
4	Ağrı	TEOKB	4796.181290083868
4	Ağrı	TEOKC	216486.9110078214
4	Ağrı	MEAA	2078734.350372977
4	Ağrı	MEAB	171964.0155089962
4	Ağrı	MEAC	1351027.006230086
4	Ağrı	NAD	1124878.706122257
4	Ağrı	PAS	5388906.507701686
4	Ağrı	FORE	175361.16923691603
4	Ağrı	TEA	400692.10146608413
4	Ağrı	KOY	260393.12521405393
5	Amasya	TYYS	113.23394054428672
5	Amasya	TYA	5205348.540832104
5	Amasya	TOPA	2536591.21166019
5	Amasya	TOPB	558585.3764769149
5	Amasya	TOPC	1481876.3357413649
5	Amasya	TARA	1255723.7168812768
5	Amasya	TARB	648765.3110781166
5	Amasya	TARC	1399374.013697829
5	Amasya	SEBA	27814.889571486405
5	Amasya	SEBB	23134.43442641051
5	Amasya	SEBC	1183.525474142708
5	Amasya	MEYA	15497.809180804936
5	Amasya	MEYB	49670.823150363976
5	Amasya	MEYC	4262.978453288468
5	Amasya	KAVA	7296.787586130729
5	Amasya	KAVB	6666.656771646934
5	Amasya	KAVC	1442.6307994272781
5	Amasya	TEOKA	78716.73518412402
5	Amasya	TEOKB	682.5428596859697
5	Amasya	TEOKC	142561.6734078765
5	Amasya	MEAA	16544.600151224713
5	Amasya	MEAB	25337.739991643874
5	Amasya	MEAC	4508.313356809573
5	Amasya	NAD	364102.8828106435
5	Amasya	PAS	275486.6988578649
5	Amasya	FORE	2285921.9930542447
5	Amasya	TEA	260628.23652647226
5	Amasya	KOY	94756.5314594539
6	Ankara	TYYS	1393.1051534029543
6	Ankara	TYA	25337854.24902843
6	Ankara	TOPA	5963540.8510584645
6	Ankara	TOPB	1202389.9532274732
6	Ankara	TOPC	5820159.904702424
6	Ankara	TARA	6373451.279921147
6	Ankara	TARB	372227.00389784627
6	Ankara	TARC	5206526.224732125
6	Ankara	SEBA	138124.9361281149
6	Ankara	SEBB	138397.05848374125
6	Ankara	SEBC	68984.61805842532
6	Ankara	MEYA	125186.72790467541
6	Ankara	MEYB	59933.08518207913
6	Ankara	MEYC	53852.22624676544
6	Ankara	KAVA	92698.5764370476
6	Ankara	KAVB	24620.33176036858
6	Ankara	KAVC	50401.18718330735
6	Ankara	TEOKA	549673.4055264711
6	Ankara	TEOKB	15561.401150574942
6	Ankara	TEOKC	484520.8249846528
6	Ankara	MEAA	153371.23576725752
6	Ankara	MEAB	13481.2183497666
6	Ankara	MEAC	112168.32047696161
6	Ankara	NAD	4150891.5505338097
6	Ankara	PAS	5621951.554632887
6	Ankara	FORE	3084078.2086427324
6	Ankara	TEA	3011496.0025482746
6	Ankara	KOY	1427459.8919571512
7	Antalya	TYYS	463.85110906845375
7	Antalya	TYA	12698023.788535062
7	Antalya	TOPA	2891174.7089186558
7	Antalya	TOPB	802327.254869285
7	Antalya	TOPC	1518662.3891324399
7	Antalya	TARA	1629643.6416085642
7	Antalya	TARB	375532.6934125468
7	Antalya	TARC	1232074.5003619576
7	Antalya	SEBA	273801.2077977714
7	Antalya	SEBB	239582.67224720083
7	Antalya	SEBC	31490.614749627075
7	Antalya	MEYA	338849.42946460634
7	Antalya	MEYB	369998.96766844403
7	Antalya	MEYC	80043.72268906148
7	Antalya	KAVA	83274.83771377351
7	Antalya	KAVB	10687.230141425982
7	Antalya	KAVC	48815.74081372779
7	Antalya	TEOKA	525897.7653422536
7	Antalya	TEOKB	25708.072823699127
7	Antalya	TEOKC	498133.4748127615
7	Antalya	MEAA	103141.28412792202
7	Antalya	MEAB	4620.825961449235
7	Antalya	MEAC	94173.6809514428
7	Antalya	NAD	551811.8123608071
7	Antalya	PAS	629421.3528852402
7	Antalya	FORE	8849297.656608753
7	Antalya	TEA	2275483.7074602
7	Antalya	KOY	309556.6248485539
8	Artvin	TYYS	327.71080132570006
8	Artvin	TYA	5874691.355643981
8	Artvin	TOPA	1522772.2091694153
8	Artvin	TOPB	268652.0253415257
8	Artvin	TOPC	1381386.9463053104
8	Artvin	TARA	215337.71090989214
8	Artvin	TARB	48698.68029068048
8	Artvin	TARC	174206.0483421035
8	Artvin	SEBA	37052.939264614084
8	Artvin	SEBB	31970.348050308563
8	Artvin	SEBC	6666.840755804591
8	Artvin	MEYA	302562.744287666
8	Artvin	MEYB	39832.41143689617
8	Artvin	MEYC	166767.97002842743
8	Artvin	KAVA	10146.807906919104
8	Artvin	KAVB	7194.402447025128
8	Artvin	KAVC	1615.424230623753
8	Artvin	TEOKA	121729.30371243418
8	Artvin	TEOKB	27929.578767578336
8	Artvin	TEOKC	87176.51444088336
8	Artvin	MEAA	717026.7904050495
8	Artvin	MEAB	156921.6647454699
8	Artvin	MEAC	648060.4593064653
8	Artvin	NAD	1465.79641234269
8	Artvin	PAS	311566.7846482515
8	Artvin	FORE	2812593.324499905
8	Artvin	TEA	624849.3504150109
8	Artvin	KOY	174585.90957127773
9	Aydın	TYYS	467.81617255742344
9	Aydın	TYA	7051524.135343153
9	Aydın	TOPA	2997367.9231048184
9	Aydın	TOPB	1231090.4268053565
9	Aydın	TOPC	1969726.1215390118
9	Aydın	TARA	1154587.6950589642
9	Aydın	TARB	1256320.7981070606
9	Aydın	TARC	712255.446100842
9	Aydın	SEBA	82284.26752192056
9	Aydın	SEBB	88858.47972353765
9	Aydın	SEBC	7321.49813116189
9	Aydın	MEYA	2722285.4677358842
9	Aydın	MEYB	168680.08536964527
9	Aydın	MEYC	1130665.2051738752
9	Aydın	KAVA	8311.32425313141
9	Aydın	KAVB	4197.722232408437
9	Aydın	KAVC	5549.624455602477
9	Aydın	TEOKA	154920.98528163758
9	Aydın	TEOKB	4856.325239010235
9	Aydın	TEOKC	90461.78139884071
9	Aydın	MEAA	10788.813372651919
9	Aydın	MEAB	225.77567226087046
9	Aydın	MEAC	19063.796502269273
9	Aydın	NAD	109197.31157958448
9	Aydın	PAS	225297.61115889862
9	Aydın	FORE	2139724.773790281
9	Aydın	TEA	177626.71068542785
9	Aydın	KOY	420738.6224697882
10	Balıkesir	TYYS	1210.5580871975376
10	Balıkesir	TYA	14296382.995838076
10	Balıkesir	TOPA	5818990.2777431235
10	Balıkesir	TOPB	1113266.481270491
10	Balıkesir	TOPC	3033222.3554369383
10	Balıkesir	TARA	2553736.994886174
10	Balıkesir	TARB	368494.28754039214
10	Balıkesir	TARC	1856255.703140696
10	Balıkesir	SEBA	295209.2690248555
10	Balıkesir	SEBB	262396.44153669215
10	Balıkesir	SEBC	18923.70742917846
10	Balıkesir	MEYA	288100.1386227764
10	Balıkesir	MEYB	46541.4980823486
10	Balıkesir	MEYC	536804.9249828055
10	Balıkesir	KAVA	39162.569227555294
10	Balıkesir	KAVB	11960.703535812392
10	Balıkesir	KAVC	12268.33087042215
10	Balıkesir	TEOKA	312365.67136051384
10	Balıkesir	TEOKB	5095.811621011115
10	Balıkesir	TEOKC	303209.4985787858
10	Balıkesir	MEAA	94629.30585748884
10	Balıkesir	MEAB	7888.426852016349
10	Balıkesir	MEAC	51032.91241222564
10	Balıkesir	NAD	183339.24914845193
10	Balıkesir	PAS	1054823.1791973289
10	Balıkesir	FORE	7210827.885109849
10	Balıkesir	TEA	725471.6485141705
10	Balıkesir	KOY	493011.84849502874
11	Bilecik	TYYS	242.3484420853068
11	Bilecik	TYA	3982197.9801197248
11	Bilecik	TOPA	845112.7123019088
11	Bilecik	TOPB	100149.61170228798
11	Bilecik	TOPC	287492.3321179218
11	Bilecik	TARA	726692.5159641746
11	Bilecik	TARB	46740.55585604065
11	Bilecik	TARC	579688.9735550407
11	Bilecik	SEBA	80234.6841929246
11	Bilecik	SEBB	56571.32685121717
11	Bilecik	SEBC	6027.7789098929725
11	Bilecik	MEYA	72183.81696425458
11	Bilecik	MEYB	32091.548367514395
11	Bilecik	MEYC	47129.70477448386
11	Bilecik	KAVA	5968.382550200756
11	Bilecik	KAVB	5097.987746423791
11	Bilecik	KAVC	997.8405562331379
11	Bilecik	TEOKA	164263.82677920256
11	Bilecik	TEOKB	4746.017798789812
11	Bilecik	TEOKC	158195.65827715196
11	Bilecik	MEAA	9032.102123644392
11	Bilecik	MEAB	849.1614218989737
11	Bilecik	MEAC	6422.761125886121
11	Bilecik	NAD	185640.37430428798
11	Bilecik	PAS	169387.59256940294
11	Bilecik	FORE	1049284.4441776583
11	Bilecik	TEA	374449.50260975107
11	Bilecik	KOY	53310.31537799005
12	Bingöl	TYYS	430.52956450386125
12	Bingöl	TYA	6285087.505827979
12	Bingöl	TOPA	2151297.7086354406
12	Bingöl	TOPB	900453.1617684611
12	Bingöl	TOPC	1072848.005616002
12	Bingöl	TARA	509332.22447879834
12	Bingöl	TARB	179347.46974637348
12	Bingöl	TARC	102645.11944577003
12	Bingöl	SEBA	35967.58142086256
12	Bingöl	SEBB	11395.133048013668
12	Bingöl	SEBC	333.84248203568006
12	Bingöl	MEYA	31551.775779262563
12	Bingöl	MEYB	31194.40526125859
12	Bingöl	MEYC	1569.2120797960079
12	Bingöl	KAVA	59211.76096282799
12	Bingöl	KAVB	38295.94717108084
12	Bingöl	KAVC	1179.7500815166188
12	Bingöl	TEOKA	276651.2277162511
12	Bingöl	TEOKB	57485.947649771726
12	Bingöl	TEOKC	223754.89588775425
12	Bingöl	MEAA	1247837.1091932016
12	Bingöl	MEAB	735285.3701197276
12	Bingöl	MEAC	580982.1063901682
12	Bingöl	NAD	46390.468792080654
12	Bingöl	PAS	3882486.4727252116
12	Bingöl	FORE	1380400.4273193835
12	Bingöl	TEA	297278.80029957707
12	Bingöl	KOY	66813.09552682159
13	Bitlis	TYYS	279.6010898309014
13	Bitlis	TYA	5872911.601830466
13	Bitlis	TOPA	590932.9614218271
13	Bitlis	TOPB	102838.6308745633
13	Bitlis	TOPC	522848.8746487959
13	Bitlis	TARA	738922.4643880303
13	Bitlis	TARB	255808.47694179113
13	Bitlis	TARC	418455.7138028672
13	Bitlis	SEBA	31186.775484919224
13	Bitlis	SEBB	34290.3747140082
13	Bitlis	SEBC	593.931857480849
13	Bitlis	MEYA	7429.905379514199
13	Bitlis	MEYB	6656.281554440362
13	Bitlis	MEYC	4522.698645835257
13	Bitlis	KAVA	20400.82368662474
13	Bitlis	KAVB	24470.591561728197
13	Bitlis	KAVC	1186.1869502129443
13	Bitlis	TEOKA	53973.107566239065
13	Bitlis	TEOKB	578.1696321691339
13	Bitlis	TEOKC	27505.35186829383
13	Bitlis	MEAA	318275.9743415491
13	Bitlis	MEAB	11546.084328440249
13	Bitlis	MEAC	155547.64894316567
13	Bitlis	NAD	157333.8483860278
13	Bitlis	PAS	1368548.8755228934
13	Bitlis	FORE	928655.5608887322
13	Bitlis	TEA	528881.6449040254
13	Bitlis	KOY	74743.93929691077
14	Bolu	TYYS	518.7191764516458
14	Bolu	TYA	7266115.438263798
14	Bolu	TOPA	1301014.16352519
14	Bolu	TOPB	139168.5295674868
14	Bolu	TOPC	1515940.4955649627
14	Bolu	TARA	302638.4081567354
14	Bolu	TARB	99434.58754381404
14	Bolu	TARC	702873.216155197
14	Bolu	SEBA	22314.113577360986
14	Bolu	SEBB	17325.008545778084
14	Bolu	SEBC	596.3072793446925
14	Bolu	MEYA	20668.77924936969
14	Bolu	MEYB	15791.94650791263
14	Bolu	MEYC	5372.747988660302
14	Bolu	KAVA	4304.2322694800605
14	Bolu	KAVB	2410.3794066508935
14	Bolu	KAVC	6475.413127638949
14	Bolu	TEOKA	352741.7163237922
14	Bolu	TEOKB	2611.9940751011814
14	Bolu	TEOKC	320424.75037473126
14	Bolu	MEAA	33334.749008503524
14	Bolu	MEAB	1081.106251188698
14	Bolu	MEAC	20994.762839015966
14	Bolu	NAD	104231.90238580246
14	Bolu	PAS	560250.0602385257
14	Bolu	FORE	3546141.4074265533
14	Bolu	TEA	230782.8651782582
14	Bolu	KOY	44584.68613411327
15	Burdur	TYYS	244.4724944862985
15	Burdur	TYA	7595199.337055332
15	Burdur	TOPA	1881287.2903136567
15	Burdur	TOPB	1122992.2159472303
15	Burdur	TOPC	1005058.198208532
15	Burdur	TARA	1247263.9335375687
15	Burdur	TARB	349507.8323094967
15	Burdur	TARC	442384.84310194064
15	Burdur	SEBA	52588.052315083565
15	Burdur	SEBB	29481.00206664764
15	Burdur	SEBC	4848.480609624097
15	Burdur	MEYA	58305.32565095937
15	Burdur	MEYB	13867.218161480556
15	Burdur	MEYC	19301.301762487215
15	Burdur	KAVA	11146.197543276496
15	Burdur	KAVB	16829.083107109993
15	Burdur	KAVC	149.2648670456925
15	Burdur	TEOKA	46476.36596986839
15	Burdur	TEOKB	2721.801798544196
15	Burdur	TEOKC	42627.97420310974
15	Burdur	MEAA	126380.05067814617
15	Burdur	MEAB	17165.484598827163
15	Burdur	MEAC	79207.80119050878
15	Burdur	NAD	155793.6098669154
15	Burdur	PAS	446833.11693826324
15	Burdur	FORE	3788595.5908184573
15	Burdur	TEA	869411.8774064999
15	Burdur	KOY	90848.47261359777
16	Bursa	TYYS	617.7506057967707
16	Bursa	TYA	12951312.527413005
16	Bursa	TOPA	2058288.8110596891
16	Bursa	TOPB	886157.6043491823
16	Bursa	TOPC	1570877.7694290534
16	Bursa	TARA	787789.2382032508
16	Bursa	TARB	275321.14922133833
16	Bursa	TARC	939810.917202979
16	Bursa	SEBA	274822.0560438591
16	Bursa	SEBB	388573.1754190983
16	Bursa	SEBC	8818.219000003544
16	Bursa	MEYA	764097.1346233902
16	Bursa	MEYB	252160.09891443473
16	Bursa	MEYC	350977.95682167495
16	Bursa	KAVA	32056.5338637391
16	Bursa	KAVB	15439.50636058104
16	Bursa	KAVC	7600.240616948526
16	Bursa	TEOKA	873595.2092323259
16	Bursa	TEOKB	7081.77470943425
16	Bursa	TEOKC	448355.9434492842
16	Bursa	MEAA	80231.52627619122
16	Bursa	MEAB	6115.281270867861
16	Bursa	MEAC	59933.012218914846
16	Bursa	NAD	454199.9701291065
16	Bursa	PAS	953318.5317447834
16	Bursa	FORE	4124001.587667623
16	Bursa	TEA	713712.6563640034
16	Bursa	KOY	352028.64790670725
17	Çanakkale	TYYS	258.363816812714
17	Çanakkale	TYA	8109380.151128281
17	Çanakkale	TOPA	2750973.055338719
17	Çanakkale	TOPB	883071.1059761178
17	Çanakkale	TOPC	2478335.4954127795
17	Çanakkale	TARA	1034701.8160946775
17	Çanakkale	TARB	320129.52817764226
17	Çanakkale	TARC	1560585.4589516215
17	Çanakkale	SEBA	207404.4357552101
17	Çanakkale	SEBB	282401.2766917269
17	Çanakkale	SEBC	8861.435214258048
17	Çanakkale	MEYA	284267.5866758145
17	Çanakkale	MEYB	111534.41497096443
17	Çanakkale	MEYC	333938.4644455436
17	Çanakkale	KAVA	10243.821481830548
17	Çanakkale	KAVB	6087.171797106961
17	Çanakkale	KAVC	615.6314470247339
17	Çanakkale	TEOKA	456116.57794410305
17	Çanakkale	TEOKB	6888.936562107384
17	Çanakkale	TEOKC	416639.7063523218
17	Çanakkale	MEAA	75698.1840541807
17	Çanakkale	MEAB	2584.113935278798
17	Çanakkale	MEAC	66074.36076509315
17	Çanakkale	NAD	134426.64466147707
17	Çanakkale	PAS	550279.9158852852
17	Çanakkale	FORE	4712054.332291404
17	Çanakkale	TEA	913131.1180322613
17	Çanakkale	KOY	273982.4388048331
18	Çankırı	TYYS	504.5507950054811
18	Çankırı	TYA	8082118.242554804
18	Çankırı	TOPA	2505145.129496022
18	Çankırı	TOPB	166968.4460335843
18	Çankırı	TOPC	2033039.7156770262
18	Çankırı	TARA	1214438.9654124095
18	Çankırı	TARB	85443.78535733384
18	Çankırı	TARC	695236.6585944716
18	Çankırı	SEBA	39754.48908636662
18	Çankırı	SEBB	41316.355566400365
18	Çankırı	SEBC	14382.748185380182
18	Çankırı	MEYA	14508.574002465313
18	Çankırı	MEYB	14516.31396411967
18	Çankırı	MEYC	2144.882175274454
18	Çankırı	KAVA	11559.141640117648
18	Çankırı	KAVB	-457.0245627083168
18	Çankırı	KAVC	8152.680507506557
18	Çankırı	TEOKA	271935.4349246349
18	Çankırı	TEOKB	7804.825856452962
18	Çankırı	TEOKC	338498.782569751
18	Çankırı	MEAA	47117.02378353721
18	Çankırı	MEAB	6190.554399198474
18	Çankırı	MEAC	45003.55548104233
18	Çankırı	NAD	444937.6373444138
18	Çankırı	PAS	2158582.2243193616
18	Çankırı	FORE	1947971.4965362637
18	Çankırı	TEA	1047029.8665202728
18	Çankırı	KOY	180730.8647460258
19	Çorum	TYYS	527.7383136728106
19	Çorum	TYA	19687677.443114623
19	Çorum	TOPA	2719388.8222799487
19	Çorum	TOPB	354019.92466081417
19	Çorum	TOPC	3871257.1662526834
19	Çorum	TARA	2938530.992116607
19	Çorum	TARB	344387.4787312503
19	Çorum	TARC	3445248.582821036
19	Çorum	SEBA	69049.51692812103
19	Çorum	SEBB	78314.09527403295
19	Çorum	SEBC	9678.207853838056
19	Çorum	MEYA	103382.5086341366
19	Çorum	MEYB	15691.685609819126
19	Çorum	MEYC	43367.618209644555
19	Çorum	KAVA	49795.2465687354
19	Çorum	KAVB	16210.460070705969
19	Çorum	KAVC	8189.868425351679
19	Çorum	TEOKA	159518.2089629362
19	Çorum	TEOKB	4634.43852999923
19	Çorum	TEOKC	199987.14362882485
19	Çorum	MEAA	51755.76333354723
19	Çorum	MEAB	7947.838727928698
19	Çorum	MEAC	39058.57639615043
19	Çorum	NAD	916758.0180732851
19	Çorum	PAS	2050145.3568161658
19	Çorum	FORE	7706691.368967425
19	Çorum	TEA	1218368.609003486
19	Çorum	KOY	378125.0621410314
20	Denizli	TYYS	574.6181317903465
20	Denizli	TYA	11251451.348997261
20	Denizli	TOPA	1826433.7815597532
20	Denizli	TOPB	734794.1712000696
20	Denizli	TOPC	2591816.46687789
20	Denizli	TARA	2739019.538713694
20	Denizli	TARB	888111.6682988629
20	Denizli	TARC	2342114.9781340067
20	Denizli	SEBA	50051.45112193804
20	Denizli	SEBB	30709.147639115243
20	Denizli	SEBC	9692.610720019857
20	Denizli	MEYA	485925.3370659751
20	Denizli	MEYB	134455.96175201333
20	Denizli	MEYC	256090.4582346372
20	Denizli	KAVA	27266.29983961152
20	Denizli	KAVB	12311.995165896744
20	Denizli	KAVC	9553.146755810505
20	Denizli	TEOKA	120070.02038973512
20	Denizli	TEOKB	17085.958774496405
20	Denizli	TEOKC	117587.0910604186
20	Denizli	MEAA	35711.266278817595
20	Denizli	MEAB	10674.339807344459
20	Denizli	MEAC	72967.3122598711
20	Denizli	NAD	325494.8887013275
20	Denizli	PAS	333596.4012365291
20	Denizli	FORE	6954402.8342372645
20	Denizli	TEA	552744.4245644507
20	Denizli	KOY	951206.0782991315
21	Diyarbakır	TYYS	1244.5001062687825
21	Diyarbakır	TYA	6669312.549316353
21	Diyarbakır	TOPA	4889247.334049407
21	Diyarbakır	TOPB	594349.6121267758
21	Diyarbakır	TOPC	5053753.959824114
21	Diyarbakır	TARA	4738275.561551759
21	Diyarbakır	TARB	683559.2612461861
21	Diyarbakır	TARC	4435104.039115642
21	Diyarbakır	SEBA	36836.835377294134
21	Diyarbakır	SEBB	30813.755814151107
21	Diyarbakır	SEBC	8351.564000097063
21	Diyarbakır	MEYA	53689.91427265342
21	Diyarbakır	MEYB	6124.038381844403
21	Diyarbakır	MEYC	111526.28152565057
21	Diyarbakır	KAVA	6826.142523876646
21	Diyarbakır	KAVB	6247.942507207285
21	Diyarbakır	KAVC	6730.936966945086
21	Diyarbakır	TEOKA	580800.0941815446
21	Diyarbakır	TEOKB	25899.20138777386
21	Diyarbakır	TEOKC	856360.1915136462
21	Diyarbakır	MEAA	86446.42643807826
21	Diyarbakır	MEAB	10330.594877969714
21	Diyarbakır	MEAC	79426.12207723554
21	Diyarbakır	NAD	341068.62154402677
21	Diyarbakır	PAS	2072053.1613634182
21	Diyarbakır	FORE	2714874.0415893975
21	Diyarbakır	TEA	3079917.40563186
21	Diyarbakır	KOY	308038.2744261427
22	Edirne	TYYS	284.69330493440873
22	Edirne	TYA	4329101.280390235
22	Edirne	TOPA	1076541.3240392073
22	Edirne	TOPB	503992.55675320665
22	Edirne	TOPC	2678407.3552964823
22	Edirne	TARA	3657063.276928446
22	Edirne	TARB	261368.54324437413
22	Edirne	TARC	2030792.2266392
22	Edirne	SEBA	22607.552517264325
22	Edirne	SEBB	48853.59587881219
22	Edirne	SEBC	7791.836961698652
22	Edirne	MEYA	16444.97270413322
22	Edirne	MEYB	3118.166037348088
22	Edirne	MEYC	20219.19269095066
22	Edirne	KAVA	21953.05340759637
22	Edirne	KAVB	9498.698121679925
22	Edirne	KAVC	4463.56875955322
22	Edirne	TEOKA	20057.242543065528
22	Edirne	TEOKB	5399.513675142656
22	Edirne	TEOKC	35641.119429439896
22	Edirne	MEAA	18965.53030593013
22	Edirne	MEAB	359.7463334372473
22	Edirne	MEAC	12098.037149767322
22	Edirne	NAD	22670.5045938354
22	Edirne	PAS	1157179.8454833431
22	Edirne	FORE	1311112.7544394939
22	Edirne	TEA	375605.3986106997
22	Edirne	KOY	113241.9490984999
23	Elazığ	TYYS	827.2528352652406
23	Elazığ	TYA	6301682.853435063
23	Elazığ	TOPA	2189345.112739807
23	Elazığ	TOPB	813830.0574042263
23	Elazığ	TOPC	1477654.8306571
23	Elazığ	TARA	803691.1013694842
23	Elazığ	TARB	483783.05239996646
23	Elazığ	TARC	961421.5442868548
23	Elazığ	SEBA	37180.00418725184
23	Elazığ	SEBB	52030.83967323531
23	Elazığ	SEBC	941.6221871245718
23	Elazığ	MEYA	255532.89464272928
23	Elazığ	MEYB	235663.26259241285
23	Elazığ	MEYC	34996.30286147892
23	Elazığ	KAVA	19190.099347695967
23	Elazığ	KAVB	14811.240221585187
23	Elazığ	KAVC	1479.2374149964294
23	Elazığ	TEOKA	173871.00671063704
23	Elazığ	TEOKB	15320.27552724547
23	Elazığ	TEOKC	217825.35477517935
23	Elazığ	MEAA	71335.25977235286
23	Elazığ	MEAB	18081.92264736293
23	Elazığ	MEAC	22280.869704701807
23	Elazığ	NAD	417342.0017905677
23	Elazığ	PAS	3381486.5079586036
23	Elazığ	FORE	782227.5738910652
23	Elazığ	TEA	720481.709146664
23	Elazığ	KOY	104600.74906539137
24	Erzincan	TYYS	450.14938407393333
24	Erzincan	TYA	9425996.02332992
24	Erzincan	TOPA	2517079.3965470158
24	Erzincan	TOPB	706992.0936681015
24	Erzincan	TOPC	1233762.844481724
24	Erzincan	TARA	1244144.637575704
24	Erzincan	TARB	800964.3148405227
24	Erzincan	TARC	808402.2295603971
24	Erzincan	SEBA	10761.28116883964
24	Erzincan	SEBB	5362.760463851552
24	Erzincan	SEBC	5019.743471213367
24	Erzincan	MEYA	11680.65660604482
24	Erzincan	MEYB	13526.700362213098
24	Erzincan	MEYC	3758.152802663479
24	Erzincan	KAVA	22369.495562018477
24	Erzincan	KAVB	20747.26686634813
24	Erzincan	KAVC	3606.7423666884724
24	Erzincan	TEOKA	302883.8362996124
24	Erzincan	TEOKB	113844.49743390521
24	Erzincan	TEOKC	165031.6268971231
24	Erzincan	MEAA	319157.08203388785
24	Erzincan	MEAB	206360.9146451914
24	Erzincan	MEAC	106704.689692848
24	Erzincan	NAD	440227.2546030981
24	Erzincan	PAS	4235511.174628436
24	Erzincan	FORE	3015070.155064545
24	Erzincan	TEA	1781818.161044303
24	Erzincan	KOY	144209.8530714154
25	Erzurum	TYYS	907.3639484014766
25	Erzurum	TYA	20586348.227002382
25	Erzurum	TOPA	5946950.354954713
25	Erzurum	TOPB	1247679.389145529
25	Erzurum	TOPC	3187035.218840525
25	Erzurum	TARA	2466200.3874255926
25	Erzurum	TARB	919650.2797621095
25	Erzurum	TARC	1129847.2580912714
25	Erzurum	SEBA	29060.040540418086
25	Erzurum	SEBB	25571.57130672826
25	Erzurum	SEBC	0
25	Erzurum	MEYA	18554.91659041016
25	Erzurum	MEYB	38126.16464168049
25	Erzurum	MEYC	46.42681900101428
25	Erzurum	KAVA	46053.96497144419
25	Erzurum	KAVB	41142.99673193721
25	Erzurum	KAVC	5402.258219022947
25	Erzurum	TEOKA	878735.5211458211
25	Erzurum	TEOKB	46575.587814898
25	Erzurum	TEOKC	1696198.0336006507
25	Erzurum	MEAA	456087.65909904114
25	Erzurum	MEAB	488444.4760110496
25	Erzurum	MEAC	596307.6249428232
25	Erzurum	NAD	936728.2036328193
25	Erzurum	PAS	10686574.31028065
25	Erzurum	FORE	983182.230992201
25	Erzurum	TEA	2606977.668076648
25	Erzurum	KOY	465002.9191311672
26	Eskişehir	TYYS	397.64525184672544
26	Eskişehir	TYA	13858569.435886692
26	Eskişehir	TOPA	2512728.927602743
26	Eskişehir	TOPB	646055.9289439571
26	Eskişehir	TOPC	1995134.7468637312
26	Eskişehir	TARA	1090843.2481979732
26	Eskişehir	TARB	936025.9624789972
26	Eskişehir	TARC	1615876.8249390726
26	Eskişehir	SEBA	40455.82491895945
26	Eskişehir	SEBB	30494.16024643723
26	Eskişehir	SEBC	2855.002672242122
26	Eskişehir	MEYA	11092.05756910185
26	Eskişehir	MEYB	5756.80133592397
26	Eskişehir	MEYC	2434.169035443841
26	Eskişehir	KAVA	23865.58056659933
26	Eskişehir	KAVB	13108.826937324482
26	Eskişehir	KAVC	4713.6481666379095
26	Eskişehir	TEOKA	120138.12310706789
26	Eskişehir	TEOKB	3543.826687411908
26	Eskişehir	TEOKC	84762.03172605518
26	Eskişehir	MEAA	135578.69549034676
26	Eskişehir	MEAB	32101.87349913143
26	Eskişehir	MEAC	224759.23912226182
26	Eskişehir	NAD	1378923.4647084782
26	Eskişehir	PAS	4857224.509628665
26	Eskişehir	FORE	3249240.933411628
26	Eskişehir	TEA	3532127.3617907013
26	Eskişehir	KOY	319869.16511740035
27	Gaziantep	TYYS	560.7501406556
27	Gaziantep	TYA	4844239.266034962
27	Gaziantep	TOPA	3312366.811908906
27	Gaziantep	TOPB	516023.6215000207
27	Gaziantep	TOPC	2065964.691598252
27	Gaziantep	TARA	769107.103292955
27	Gaziantep	TARB	370318.5094288612
27	Gaziantep	TARC	917951.9396951098
27	Gaziantep	SEBA	88265.2873925523
27	Gaziantep	SEBB	61508.781021536226
27	Gaziantep	SEBC	26134.93717109839
27	Gaziantep	MEYA	798008.349355734
27	Gaziantep	MEYB	8660.122585682413
27	Gaziantep	MEYC	736588.8673332848
27	Gaziantep	KAVA	4452.480739972176
27	Gaziantep	KAVB	8828.085479525853
27	Gaziantep	KAVC	7163.79318820106
27	Gaziantep	TEOKA	139927.68172493757
27	Gaziantep	TEOKB	75.89442964169996
27	Gaziantep	TEOKC	109484.93596826367
27	Gaziantep	MEAA	2634.7919250951168
27	Gaziantep	MEAB	66.59965842620822
27	Gaziantep	MEAC	1878.7495648714503
27	Gaziantep	NAD	195819.74199956417
27	Gaziantep	PAS	1235544.492801375
27	Gaziantep	FORE	1710973.0812479537
27	Gaziantep	TEA	1093552.8280090427
27	Gaziantep	KOY	190064.9499731867
28	Giresun	TYYS	683.013243342546
28	Giresun	TYA	7461491.306498568
28	Giresun	TOPA	2241500.477544961
28	Giresun	TOPB	176179.9927314378
28	Giresun	TOPC	2429514.015359229
28	Giresun	TARA	607923.7124744592
28	Giresun	TARB	55925.02833090356
28	Giresun	TARC	190289.2081623475
28	Giresun	SEBA	34346.01339016984
28	Giresun	SEBB	21889.967924143155
28	Giresun	SEBC	24006.50687941497
28	Giresun	MEYA	870714.9673525612
28	Giresun	MEYB	7669.556824871482
28	Giresun	MEYC	913434.2008608687
28	Giresun	KAVA	8325.598506679964
28	Giresun	KAVB	6815.34166999385
28	Giresun	KAVC	821.9691909220653
28	Giresun	TEOKA	216094.64258986205
28	Giresun	TEOKB	1223.2210293121743
28	Giresun	TEOKC	119469.69960338109
28	Giresun	MEAA	398300.78636626655
28	Giresun	MEAB	48106.97358634069
28	Giresun	MEAC	177509.9791724102
28	Giresun	NAD	127492.7564633583
28	Giresun	PAS	927142.0754937201
28	Giresun	FORE	2369598.8162999707
28	Giresun	TEA	516684.65686911915
28	Giresun	KOY	65831.29035131326
29	Gümüşhane	TYYS	409.7562430898673
29	Gümüşhane	TYA	7596920.864889485
29	Gümüşhane	TOPA	1937436.3730983445
29	Gümüşhane	TOPB	224445.84804782056
29	Gümüşhane	TOPC	800366.324170666
29	Gümüşhane	TARA	515328.75777219975
29	Gümüşhane	TARB	83212.97806012133
29	Gümüşhane	TARC	293286.8260286736
29	Gümüşhane	SEBA	12273.725233710324
29	Gümüşhane	SEBB	30247.34296261758
29	Gümüşhane	SEBC	2174.2334498493915
29	Gümüşhane	MEYA	10080.52289045321
29	Gümüşhane	MEYB	3251.2613479117103
29	Gümüşhane	MEYC	11096.097249760496
29	Gümüşhane	KAVA	24312.436768781303
29	Gümüşhane	KAVB	19030.77546911153
29	Gümüşhane	KAVC	8133.354133425947
29	Gümüşhane	TEOKA	366079.1388704116
29	Gümüşhane	TEOKB	19830.84025468932
29	Gümüşhane	TEOKC	394363.42741765094
29	Gümüşhane	MEAA	599317.6223944655
29	Gümüşhane	MEAB	65965.57120265848
29	Gümüşhane	MEAC	452723.02026818437
29	Gümüşhane	NAD	125676.13359141056
29	Gümüşhane	PAS	1452948.0697881775
29	Gümüşhane	FORE	2315605.024838149
29	Gümüşhane	TEA	517703.55838550045
29	Gümüşhane	KOY	259775.27669746627
30	Hakkari	TYYS	107.4712196533461
30	Hakkari	TYA	5282130.234973773
30	Hakkari	TOPA	950600.918517748
30	Hakkari	TOPB	490198.0754097115
30	Hakkari	TOPC	822052.4168506076
30	Hakkari	TARA	382681.78873419797
30	Hakkari	TARB	163100.49464995714
30	Hakkari	TARC	139611.51846533618
30	Hakkari	SEBA	17115.181419279674
30	Hakkari	SEBB	21515.89871467992
30	Hakkari	SEBC	7649.6837693199295
30	Hakkari	MEYA	40781.76985352328
30	Hakkari	MEYB	13196.790251017606
30	Hakkari	MEYC	30815.78685083455
30	Hakkari	KAVA	16556.079875653046
30	Hakkari	KAVB	17514.12040975664
30	Hakkari	KAVC	3875.867594437018
30	Hakkari	TEOKA	451106.96837792336
30	Hakkari	TEOKB	20270.844623934907
30	Hakkari	TEOKC	158629.74964788285
30	Hakkari	MEAA	652528.8982388267
30	Hakkari	MEAB	115902.0919217612
30	Hakkari	MEAC	424790.182877906
30	Hakkari	NAD	37651.1974165288
30	Hakkari	PAS	866444.2156947963
30	Hakkari	FORE	665868.4057937334
30	Hakkari	TEA	1326845.910320572
30	Hakkari	KOY	43671.619495422296
31	Hatay	TYYS	603.5407984578193
31	Hatay	TYA	4516183.772508683
31	Hatay	TOPA	2143687.981177062
31	Hatay	TOPB	1447824.08240943
31	Hatay	TOPC	1645637.1426234092
31	Hatay	TARA	1979964.3148109845
31	Hatay	TARB	833514.8122973767
31	Hatay	TARC	383468.35588122084
31	Hatay	SEBA	118894.83029342597
31	Hatay	SEBB	146198.65278442422
31	Hatay	SEBC	7288.420445249132
31	Hatay	MEYA	178550.71238570486
31	Hatay	MEYB	150453.29718568054
31	Hatay	MEYC	244917.62118057965
31	Hatay	KAVA	2462.0915182245635
31	Hatay	KAVB	2634.2233849386553
31	Hatay	KAVC	705.2053916728945
31	Hatay	TEOKA	48575.8484145992
31	Hatay	TEOKB	12066.842332505625
31	Hatay	TEOKC	51967.01231876471
31	Hatay	MEAA	4834.779979996745
31	Hatay	MEAB	0
31	Hatay	MEAC	8562.74148578099
31	Hatay	NAD	13576.00013425505
31	Hatay	PAS	45765.12402394317
31	Hatay	FORE	851077.4523695781
31	Hatay	TEA	175225.90868913548
31	Hatay	KOY	187409.00594044806
32	Isparta	TYYS	298.34653854382077
32	Isparta	TYA	8894901.107493104
32	Isparta	TOPA	1434586.763125804
32	Isparta	TOPB	927280.7710216182
32	Isparta	TOPC	1179058.557883829
32	Isparta	TARA	549334.9539261957
32	Isparta	TARB	405764.3661662719
32	Isparta	TARC	924040.6875063758
32	Isparta	SEBA	48639.32463367147
32	Isparta	SEBB	35894.20769842197
32	Isparta	SEBC	5272.192675532966
32	Isparta	MEYA	473397.91427266377
32	Isparta	MEYB	318659.20375346765
32	Isparta	MEYC	49237.87898929768
32	Isparta	KAVA	37410.92946315686
32	Isparta	KAVB	44211.321490286464
32	Isparta	KAVC	7130.034572281871
32	Isparta	TEOKA	108242.36438207902
32	Isparta	TEOKB	12098.673521305529
32	Isparta	TEOKC	76357.67775665676
32	Isparta	MEAA	56427.31733833691
32	Isparta	MEAB	22479.07528066349
32	Isparta	MEAC	44028.93536889016
32	Isparta	NAD	139863.08575768408
32	Isparta	PAS	602088.962351155
32	Isparta	FORE	5061405.121916039
32	Isparta	TEA	1205000.40041928
32	Isparta	KOY	329333.93126575503
33	Mersin	TYYS	563.1760688233655
33	Mersin	TYA	17616819.413285665
33	Mersin	TOPA	3613505.133034348
33	Mersin	TOPB	1196375.892354384
33	Mersin	TOPC	3002426.3379034325
33	Mersin	TARA	3015349.3259729883
33	Mersin	TARB	604209.4692733232
33	Mersin	TARC	1671551.166189963
33	Mersin	SEBA	218547.74468971288
33	Mersin	SEBB	206805.19895455966
33	Mersin	SEBC	6784.251305182446
33	Mersin	MEYA	757773.0803883848
33	Mersin	MEYB	506986.1719450232
33	Mersin	MEYC	417377.721602865
33	Mersin	KAVA	10818.362068994433
33	Mersin	KAVB	7339.535975096736
33	Mersin	KAVC	2837.8910544968826
33	Mersin	TEOKA	219075.36320597056
33	Mersin	TEOKB	5573.8603367454825
33	Mersin	TEOKC	203661.12623938563
33	Mersin	MEAA	25431.2475038455
33	Mersin	MEAB	158.29255191884624
33	Mersin	MEAC	12862.778316663394
33	Mersin	NAD	540751.486060131
33	Mersin	PAS	884410.7432271698
33	Mersin	FORE	10648416.375322333
33	Mersin	TEA	2022214.6937284404
33	Mersin	KOY	212497.1543144213
34	İstanbul	TYYS	153.49488250969011
34	İstanbul	TYA	2931842.1696468526
34	İstanbul	TOPA	1338323.9935338013
34	İstanbul	TOPB	46681.181363298914
34	İstanbul	TOPC	362115.3358009168
34	İstanbul	TARA	1024881.7533809398
34	İstanbul	TARB	7525.192810787752
34	İstanbul	TARC	632241.0327951172
34	İstanbul	SEBA	38447.57787044905
34	İstanbul	SEBB	36672.63180991755
34	İstanbul	SEBC	24288.329346445462
34	İstanbul	MEYA	5805.180556555956
34	İstanbul	MEYB	2070.137659193541
34	İstanbul	MEYC	8144.78221034236
34	İstanbul	KAVA	2801.4388030668797
34	İstanbul	KAVB	1432.274643982703
34	İstanbul	KAVC	436.98006403131524
34	İstanbul	TEOKA	116969.33851231227
34	İstanbul	TEOKB	2746.0960207292255
34	İstanbul	TEOKC	114037.08179178809
34	İstanbul	MEAA	91978.05939737742
34	İstanbul	MEAB	4289.959198375168
34	İstanbul	MEAC	106754.58071723889
34	İstanbul	NAD	5734.8632075035275
34	İstanbul	PAS	153809.5006357557
34	İstanbul	FORE	1202114.1540223784
34	İstanbul	TEA	257227.48026538963
34	İstanbul	KOY	1333046.4355407075
35	İzmir	TYYS	1017.0025727017537
35	İzmir	TYA	12660366.777659904
35	İzmir	TOPA	2909353.614125016
35	İzmir	TOPB	1213305.752733806
35	İzmir	TOPC	1996533.1609956368
35	İzmir	TARA	1186612.5854854113
35	İzmir	TARB	908295.0380293495
35	İzmir	TARC	689102.6924449482
35	İzmir	SEBA	313709.4167999737
35	İzmir	SEBB	177856.44515721966
35	İzmir	SEBC	21547.94478943556
35	İzmir	MEYA	1651363.7636734648
35	İzmir	MEYB	256368.4720249931
35	İzmir	MEYC	609816.5784743662
35	İzmir	KAVA	23356.00908979944
35	İzmir	KAVB	9439.592088985271
35	İzmir	KAVC	7703.21054179042
35	İzmir	TEOKA	209154.9138919976
35	İzmir	TEOKB	3532.468091868852
35	İzmir	TEOKC	547138.887641856
35	İzmir	MEAA	48380.438602927614
35	İzmir	MEAB	1076.2355344904583
35	İzmir	MEAC	37339.579955954956
35	İzmir	NAD	76181.70515096682
35	İzmir	PAS	1512109.0842188096
35	İzmir	FORE	3466053.0077616954
35	İzmir	TEA	751612.1888293136
35	İzmir	KOY	474578.29212528776
36	Kars	TYYS	486.99994130754345
36	Kars	TYA	5553962.287804078
36	Kars	TOPA	4858554.050184394
36	Kars	TOPB	131893.54817938202
36	Kars	TOPC	3603850.743948069
36	Kars	TARA	3348946.7691403734
36	Kars	TARB	143756.1008682638
36	Kars	TARC	3002321.762868867
36	Kars	SEBA	864.3096558103013
36	Kars	SEBB	659.2769190987717
36	Kars	SEBC	252.38757579803828
36	Kars	MEYA	8590.662848833186
36	Kars	MEYB	6689.742002238499
36	Kars	MEYC	2158.9062049598147
36	Kars	KAVA	71472.94094583495
36	Kars	KAVB	7422.125290564595
36	Kars	KAVC	45853.04446091944
36	Kars	TEOKA	321108.68432107987
36	Kars	TEOKB	11836.365545411989
36	Kars	TEOKC	307151.8650096579
36	Kars	MEAA	571170.3143738236
36	Kars	MEAB	34643.99750107596
36	Kars	MEAC	922480.5615440663
36	Kars	NAD	571598.6132368128
36	Kars	PAS	992668.4817550655
36	Kars	FORE	161469.3591703701
36	Kars	TEA	455448.4999802712
36	Kars	KOY	263357.4441597823
37	Kastamonu	TYYS	1266.009260931775
37	Kastamonu	TYA	13778386.578350715
37	Kastamonu	TOPA	2773912.404948512
37	Kastamonu	TOPB	262225.85395846
37	Kastamonu	TOPC	1925401.883283509
37	Kastamonu	TARA	1915662.091804612
37	Kastamonu	TARB	179447.22922285582
37	Kastamonu	TARC	1179557.1415143588
37	Kastamonu	SEBA	36880.92803974409
37	Kastamonu	SEBB	48132.4843235249
37	Kastamonu	SEBC	15453.68038587257
37	Kastamonu	MEYA	136598.3534706376
37	Kastamonu	MEYB	57701.24662337597
37	Kastamonu	MEYC	119053.56125161343
37	Kastamonu	KAVA	35342.34351680381
37	Kastamonu	KAVB	12142.051192016545
37	Kastamonu	KAVC	9830.236692771308
37	Kastamonu	TEOKA	771643.9116879615
37	Kastamonu	TEOKB	5446.401582939711
37	Kastamonu	TEOKC	796801.381518387
37	Kastamonu	MEAA	93618.69443898967
37	Kastamonu	MEAB	1556.0769288659876
37	Kastamonu	MEAC	96556.50036821872
37	Kastamonu	NAD	570977.1214153294
37	Kastamonu	PAS	527501.5831158764
37	Kastamonu	FORE	8869483.965729415
37	Kastamonu	TEA	523390.5410907569
37	Kastamonu	KOY	246371.9434389877
38	Kayseri	TYYS	230.56163209966707
38	Kayseri	TYA	13357969.341417689
38	Kayseri	TOPA	5373825.974948639
38	Kayseri	TOPB	863262.8953644062
38	Kayseri	TOPC	3600319.8382727583
38	Kayseri	TARA	2837169.7167654205
38	Kayseri	TARB	800898.8158830202
38	Kayseri	TARC	2123757.4092882597
38	Kayseri	SEBA	89163.06435335729
38	Kayseri	SEBB	52792.11704025072
38	Kayseri	SEBC	8148.952064412748
38	Kayseri	MEYA	202575.37924336054
38	Kayseri	MEYB	104872.18069459658
38	Kayseri	MEYC	176938.86886050322
38	Kayseri	KAVA	78601.15651982892
38	Kayseri	KAVB	38000.55892438668
38	Kayseri	KAVC	15563.844066597449
38	Kayseri	TEOKA	254644.43713633262
38	Kayseri	TEOKB	106681.65349028815
38	Kayseri	TEOKC	235620.4795979772
38	Kayseri	MEAA	167295.15899971421
38	Kayseri	MEAB	51611.87234932945
38	Kayseri	MEAC	131413.06328533214
38	Kayseri	NAD	2226031.333715826
38	Kayseri	PAS	8103917.364783641
38	Kayseri	FORE	633223.2170443478
38	Kayseri	TEA	2279300.1419119355
38	Kayseri	KOY	514341.6706974548
39	Kırklareli	TYYS	122.82044893257289
39	Kırklareli	TYA	4363254.772062962
39	Kırklareli	TOPA	2442037.789523782
39	Kırklareli	TOPB	260354.72136596986
39	Kırklareli	TOPC	1631158.337410789
39	Kırklareli	TARA	1580296.1291602794
39	Kırklareli	TARB	293272.8666374657
39	Kırklareli	TARC	1434093.1129789045
39	Kırklareli	SEBA	12675.564888087625
39	Kırklareli	SEBB	13753.064215223822
39	Kırklareli	SEBC	2786.077426443748
39	Kırklareli	MEYA	6423.847444831497
39	Kırklareli	MEYB	1332.3226955229975
39	Kırklareli	MEYC	4976.539575491608
39	Kırklareli	KAVA	36969.83252329256
39	Kırklareli	KAVB	21792.33099011666
39	Kırklareli	KAVC	11363.24659469024
39	Kırklareli	TEOKA	113373.31163232692
39	Kırklareli	TEOKB	1502.1491337981643
39	Kırklareli	TEOKC	195069.62542254495
39	Kırklareli	MEAA	48363.442937365886
39	Kırklareli	MEAB	4695.927089331687
39	Kırklareli	MEAC	26756.983759057235
39	Kırklareli	NAD	45328.07301849608
39	Kırklareli	PAS	434673.6015973161
39	Kırklareli	FORE	1402456.7125811256
39	Kırklareli	TEA	161564.36015648698
39	Kırklareli	KOY	104045.96036433082
40	Kırşehir	TYYS	383.2882664116642
40	Kırşehir	TYA	3612716.278293099
40	Kırşehir	TOPA	2042995.3835489736
40	Kırşehir	TOPB	150376.74496420176
40	Kırşehir	TOPC	1727933.0851076716
40	Kırşehir	TARA	2140936.661769094
40	Kırşehir	TARB	210359.9288395648
40	Kırşehir	TARC	1539567.8807662216
40	Kırşehir	SEBA	17022.888766814933
40	Kırşehir	SEBB	23957.162077512283
40	Kırşehir	SEBC	4652.726447456946
40	Kırşehir	MEYA	7419.976078694066
40	Kırşehir	MEYB	7560.72976353439
40	Kırşehir	MEYC	10903.080411266916
40	Kırşehir	KAVA	36827.18259790636
40	Kırşehir	KAVB	23956.98151111949
40	Kırşehir	KAVC	10728.865779609863
40	Kırşehir	TEOKA	84191.34472567464
40	Kırşehir	TEOKB	458.8030858886503
40	Kırşehir	TEOKC	50976.06877703483
40	Kırşehir	MEAA	9926.313527829348
40	Kırşehir	MEAB	4435.233632171486
40	Kırşehir	MEAC	7062.727640033088
40	Kırşehir	NAD	1344133.2717596097
40	Kırşehir	PAS	1228105.1679262745
40	Kırşehir	FORE	351423.3977838704
40	Kırşehir	TEA	478546.76254115155
40	Kırşehir	KOY	83097.79052067874
41	Kocaeli	TYYS	337.3667291507086
41	Kocaeli	TYA	1421195.990628308
41	Kocaeli	TOPA	589742.0845028666
41	Kocaeli	TOPB	115790.14917831295
41	Kocaeli	TOPC	1004293.6628832043
41	Kocaeli	TARA	547806.8888401005
41	Kocaeli	TARB	34176.900411682174
41	Kocaeli	TARC	321232.5052244224
41	Kocaeli	SEBA	42479.24938533117
41	Kocaeli	SEBB	20004.87343324633
41	Kocaeli	SEBC	7980.477599424279
41	Kocaeli	MEYA	131515.33619008667
41	Kocaeli	MEYB	8718.45900606094
41	Kocaeli	MEYC	101148.70017202184
41	Kocaeli	KAVA	32112.717323518627
41	Kocaeli	KAVB	5014.861015404517
41	Kocaeli	KAVC	20304.657143949145
41	Kocaeli	TEOKA	255878.49971970354
41	Kocaeli	TEOKB	4311.767656545562
41	Kocaeli	TEOKC	237836.15596093508
41	Kocaeli	MEAA	27586.164170024094
41	Kocaeli	MEAB	785.9901401456482
41	Kocaeli	MEAC	29459.50579844354
41	Kocaeli	NAD	327531.12819852284
41	Kocaeli	PAS	68627.92568601215
41	Kocaeli	FORE	1850999.2038069775
41	Kocaeli	TEA	215735.6032243891
41	Kocaeli	KOY	143419.26709184004
42	Konya	TYYS	739.2997319604965
42	Konya	TYA	40043065.53803667
42	Konya	TOPA	15609171.064008435
42	Konya	TOPB	3483082.456391079
42	Konya	TOPC	12753575.615017753
42	Konya	TARA	14216757.685444258
42	Konya	TARB	3534334.068383045
42	Konya	TARC	7862898.094382857
42	Konya	SEBA	434699.41245592904
42	Konya	SEBB	342492.4441006334
42	Konya	SEBC	20947.179389569894
42	Konya	MEYA	357643.8749250773
42	Konya	MEYB	211136.1272468873
42	Konya	MEYC	87967.76748812293
42	Konya	KAVA	69818.25733547534
42	Konya	KAVB	61893.734684181996
42	Konya	KAVC	39223.81850479847
42	Konya	TEOKA	744212.163292246
42	Konya	TEOKB	31106.733048395658
42	Konya	TEOKC	361884.10661751975
42	Konya	MEAA	717853.1003301042
42	Konya	MEAB	87276.46530389812
42	Konya	MEAC	448773.5604765462
42	Konya	NAD	2707672.6682685036
42	Konya	PAS	8160392.6530105015
42	Konya	FORE	5596002.994319162
42	Konya	TEA	4244778.92850738
42	Konya	KOY	1594049.9913413646
43	Kütahya	TYYS	739.4455438761603
43	Kütahya	TYA	11016668.235298628
43	Kütahya	TOPA	4107329.378980753
43	Kütahya	TOPB	277847.8571671876
43	Kütahya	TOPC	2313754.133607788
43	Kütahya	TARA	2891233.940720641
43	Kütahya	TARB	112817.12441525803
43	Kütahya	TARC	1376384.7219358264
43	Kütahya	SEBA	29740.37502810916
43	Kütahya	SEBB	27398.70564113854
43	Kütahya	SEBC	11988.930187716385
43	Kütahya	MEYA	59135.803718099494
43	Kütahya	MEYB	22161.42935834225
43	Kütahya	MEYC	108371.94970764843
43	Kütahya	KAVA	15353.405729647624
43	Kütahya	KAVB	7871.681592588859
43	Kütahya	KAVC	3984.7829003979505
43	Kütahya	TEOKA	97489.95242929643
43	Kütahya	TEOKB	5191.940520243743
43	Kütahya	TEOKC	90671.96779850202
43	Kütahya	MEAA	131552.0772419828
43	Kütahya	MEAB	19906.666484399044
43	Kütahya	MEAC	84981.06866520259
43	Kütahya	NAD	446603.6766205071
43	Kütahya	PAS	704725.7240164737
43	Kütahya	FORE	9485681.491010224
43	Kütahya	TEA	591488.9869870171
43	Kütahya	KOY	287528.5273504573
44	Malatya	TYYS	516.0204005083846
44	Malatya	TYA	12920167.656635266
44	Malatya	TOPA	3205815.1234348193
44	Malatya	TOPB	835408.2698475556
44	Malatya	TOPC	2175765.2108648107
44	Malatya	TARA	1410926.645237191
44	Malatya	TARB	333073.6912574715
44	Malatya	TARC	933261.3185420892
44	Malatya	SEBA	24465.881275288662
44	Malatya	SEBB	25164.69113605058
44	Malatya	SEBC	68.65840352735674
44	Malatya	MEYA	496795.31353621196
44	Malatya	MEYB	819836.5962769854
44	Malatya	MEYC	56304.72535438116
44	Malatya	KAVA	12345.378798354948
44	Malatya	KAVB	14552.036079572383
44	Malatya	KAVC	547.6648111219969
44	Malatya	TEOKA	502366.6376294966
44	Malatya	TEOKB	18611.17100012797
44	Malatya	TEOKC	461610.98838755063
44	Malatya	MEAA	35497.94196536354
44	Malatya	MEAB	10699.17261219327
44	Malatya	MEAC	23512.37802167725
44	Malatya	NAD	435294.8373112676
44	Malatya	PAS	2920512.3550998014
44	Malatya	FORE	698114.8846818206
44	Malatya	TEA	1724381.2324693792
44	Malatya	KOY	199684.9186364136
45	Manisa	TYYS	889.2714290402249
45	Manisa	TYA	11979870.949501988
45	Manisa	TOPA	4064796.9899660805
45	Manisa	TOPB	1004410.7762144284
45	Manisa	TOPC	4122363.995731027
45	Manisa	TARA	2544243.932352759
45	Manisa	TARB	831278.5597603277
45	Manisa	TARC	3349986.0088296114
45	Manisa	SEBA	241795.0039254919
45	Manisa	SEBB	145808.4446703153
45	Manisa	SEBC	37564.49936518404
45	Manisa	MEYA	1660545.0558680021
45	Manisa	MEYB	491818.2843393249
45	Manisa	MEYC	353696.77382147475
45	Manisa	KAVA	16357.972878932296
45	Manisa	KAVB	7091.106982563104
45	Manisa	KAVC	9499.612883330923
45	Manisa	TEOKA	224509.59305295534
45	Manisa	TEOKB	5592.200266741585
45	Manisa	TEOKC	305749.442560395
45	Manisa	MEAA	20745.601926143987
45	Manisa	MEAB	828.6401974000207
45	Manisa	MEAC	15930.28685485639
45	Manisa	NAD	243528.39068994275
45	Manisa	PAS	900584.3803499913
45	Manisa	FORE	4509256.101283352
45	Manisa	TEA	681191.155188069
45	Manisa	KOY	230850.11202268174
46	Kahramanmaraş	TYYS	656.9933881561337
46	Kahramanmaraş	TYA	17483303.127355322
46	Kahramanmaraş	TOPA	2750278.9092438025
46	Kahramanmaraş	TOPB	1003826.8114396294
46	Kahramanmaraş	TOPC	1639509.3348822687
46	Kahramanmaraş	TARA	2673098.674748005
46	Kahramanmaraş	TARB	720710.1181589712
46	Kahramanmaraş	TARC	1304033.7626520684
46	Kahramanmaraş	SEBA	25766.733043559543
46	Kahramanmaraş	SEBB	81661.4212559458
46	Kahramanmaraş	SEBC	5950.523653382195
46	Kahramanmaraş	MEYA	280927.66082853195
46	Kahramanmaraş	MEYB	154102.12672535985
46	Kahramanmaraş	MEYC	78534.01141380721
46	Kahramanmaraş	KAVA	21374.36671672422
46	Kahramanmaraş	KAVB	47006.79884877886
46	Kahramanmaraş	KAVC	2392.83561293701
46	Kahramanmaraş	TEOKA	81793.62092150483
46	Kahramanmaraş	TEOKB	5170.42094785159
46	Kahramanmaraş	TEOKC	174510.3993750119
46	Kahramanmaraş	MEAA	123981.28547900336
46	Kahramanmaraş	MEAB	5235.912258659498
46	Kahramanmaraş	MEAC	131585.5714236142
46	Kahramanmaraş	NAD	409988.0919060261
46	Kahramanmaraş	PAS	2197656.243367561
46	Kahramanmaraş	FORE	3800883.989350301
46	Kahramanmaraş	TEA	1425184.5858435386
46	Kahramanmaraş	KOY	211344.6049208896
47	Mardin	TYYS	663.9681846240906
47	Mardin	TYA	7433062.9674330475
47	Mardin	TOPA	3401125.980742582
47	Mardin	TOPB	386697.0495938208
47	Mardin	TOPC	2502418.7321850224
47	Mardin	TARA	2635287.731031382
47	Mardin	TARB	182804.04704743216
47	Mardin	TARC	865957.1504766734
47	Mardin	SEBA	123284.88019549675
47	Mardin	SEBB	29639.425510736433
47	Mardin	SEBC	100157.74888149905
47	Mardin	MEYA	269063.41685463104
47	Mardin	MEYB	3314.7795257663934
47	Mardin	MEYC	186283.56755999863
47	Mardin	KAVA	51396.557567479744
47	Mardin	KAVB	14810.694562418446
47	Mardin	KAVC	40117.55747783695
47	Mardin	TEOKA	181471.50616976334
47	Mardin	TEOKB	4054.2301969986884
47	Mardin	TEOKC	163922.67708100492
47	Mardin	MEAA	26928.745381874705
47	Mardin	MEAB	44.382877711546264
47	Mardin	MEAC	21978.289552974144
47	Mardin	NAD	46345.06524378542
47	Mardin	PAS	665336.3373933525
47	Mardin	FORE	1261879.2481415032
47	Mardin	TEA	671612.8880363253
47	Mardin	KOY	88125.71942823257
48	Muğla	TYYS	673.8451989908936
48	Muğla	TYA	9414356.679859757
48	Muğla	TOPA	1753555.0483924947
48	Muğla	TOPB	464720.86757735355
48	Muğla	TOPC	1233203.7055525237
48	Muğla	TARA	1023437.1325802453
48	Muğla	TARB	323026.6443603607
48	Muğla	TARC	26309.281400660053
48	Muğla	SEBA	68161.61388564049
48	Muğla	SEBB	71410.02361101592
48	Muğla	SEBC	4750.66150623484
48	Muğla	MEYA	1074024.5264526969
48	Muğla	MEYB	134224.5873155732
48	Muğla	MEYC	713942.4744301192
48	Muğla	KAVA	14771.466378349454
48	Muğla	KAVB	587.9992004106127
48	Muğla	KAVC	4571.752945926484
48	Muğla	TEOKA	92397.82368577935
48	Muğla	TEOKB	6354.484355394357
48	Muğla	TEOKC	83451.92944639325
48	Muğla	MEAA	11270.556359513184
48	Muğla	MEAB	1132.3261926520977
48	Muğla	MEAC	12233.429931283743
48	Muğla	NAD	120223.19514357888
48	Muğla	PAS	161548.16572767124
48	Muğla	FORE	3422580.727681613
48	Muğla	TEA	452794.0365685728
48	Muğla	KOY	377725.6691028928
49	Muş	TYYS	366.87238942824575
49	Muş	TYA	6130333.978104444
49	Muş	TOPA	3336951.4389858115
49	Muş	TOPB	436657.7890371211
49	Muş	TOPC	2552571.130038821
49	Muş	TARA	2040547.9210705291
49	Muş	TARB	133187.41302137822
49	Muş	TARC	1725403.7241440748
49	Muş	SEBA	24134.054792549257
49	Muş	SEBB	9108.076824331321
49	Muş	SEBC	3731.7664638267374
49	Muş	MEYA	2352.6297240490217
49	Muş	MEYB	320.9085368326921
49	Muş	MEYC	1973.1848365727033
49	Muş	KAVA	11258.70388828094
49	Muş	KAVB	6992.3725655173075
49	Muş	KAVC	6238.9562068424375
49	Muş	TEOKA	37743.880134888714
49	Muş	TEOKB	1555.7515173913484
49	Muş	TEOKC	69043.0820850266
49	Muş	MEAA	1652683.1227407241
49	Muş	MEAB	238044.62659592545
49	Muş	MEAC	588091.4502179058
49	Muş	NAD	668657.4243748975
49	Muş	PAS	2486128.2015598095
49	Muş	FORE	465113.6316447723
49	Muş	TEA	362918.5072992999
49	Muş	KOY	208403.04114220472
50	Nevşehir	TYYS	142.71593253194234
50	Nevşehir	TYA	4495970.11496427
50	Nevşehir	TOPA	2288687.909228255
50	Nevşehir	TOPB	481639.1296130879
50	Nevşehir	TOPC	3038489.5583601366
50	Nevşehir	TARA	2561593.160322811
50	Nevşehir	TARB	290624.26615649613
50	Nevşehir	TARC	1282214.1690825536
50	Nevşehir	SEBA	109254.28131437718
50	Nevşehir	SEBB	63668.4654153063
50	Nevşehir	SEBC	25055.40701346828
50	Nevşehir	MEYA	176688.88605893584
50	Nevşehir	MEYB	19704.426274703736
50	Nevşehir	MEYC	234455.60704181663
50	Nevşehir	KAVA	18547.570866781043
50	Nevşehir	KAVB	6976.007768429498
50	Nevşehir	KAVC	16064.4700063367
50	Nevşehir	TEOKA	95201.36836364976
50	Nevşehir	TEOKB	1316.6694056570045
50	Nevşehir	TEOKC	119462.16763010199
50	Nevşehir	MEAA	49143.4735861699
50	Nevşehir	MEAB	1141.604358765816
50	Nevşehir	MEAC	37947.056324860394
50	Nevşehir	NAD	870875.690658153
50	Nevşehir	PAS	638878.1722208868
50	Nevşehir	FORE	99405.22167881184
50	Nevşehir	TEA	743759.5955522838
50	Nevşehir	KOY	147018.6626547112
51	Niğde	TYYS	160.4451061234069
51	Niğde	TYA	8778713.41141931
51	Niğde	TOPA	1298959.881155349
51	Niğde	TOPB	1036180.2424601055
51	Niğde	TOPC	754360.0873419851
51	Niğde	TARA	1375976.919258492
51	Niğde	TARB	432906.59335968364
51	Niğde	TARC	650464.6974711826
51	Niğde	SEBA	41396.222031252284
51	Niğde	SEBB	34119.98841480339
51	Niğde	SEBC	1935.3977164258015
51	Niğde	MEYA	110447.26234679463
51	Niğde	MEYB	167496.74039275898
51	Niğde	MEYC	29450.377250544712
51	Niğde	KAVA	12887.154058080145
51	Niğde	KAVB	8158.426631221854
51	Niğde	KAVC	3.502369711819911
51	Niğde	TEOKA	249893.53159623125
51	Niğde	TEOKB	4463.869724250095
51	Niğde	TEOKC	209082.6893814874
51	Niğde	MEAA	35838.25423952647
51	Niğde	MEAB	561.2818222776348
51	Niğde	MEAC	41891.63918380996
51	Niğde	NAD	581183.1650691922
51	Niğde	PAS	3915356.403207558
51	Niğde	FORE	469627.62626135524
51	Niğde	TEA	682343.2713696553
51	Niğde	KOY	159108.80257493176
52	Ordu	TYYS	406.0158003691304
52	Ordu	TYA	957859.3020198373
52	Ordu	TOPA	2217354.369494385
52	Ordu	TOPB	2435.3639971746325
52	Ordu	TOPC	3718991.228269402
52	Ordu	TARA	617510.0694011459
52	Ordu	TARB	2355.4140667061615
52	Ordu	TARC	638545.4801548983
52	Ordu	SEBA	33325.563033549384
52	Ordu	SEBB	2420.335077496098
52	Ordu	SEBC	20391.00741288582
52	Ordu	MEYA	922021.6227405148
52	Ordu	MEYB	0
52	Ordu	MEYC	997986.0990715488
52	Ordu	KAVA	43591.863962455296
52	Ordu	KAVB	0
52	Ordu	KAVC	45101.764360015055
52	Ordu	TEOKA	119910.14899166432
52	Ordu	TEOKB	0
52	Ordu	TEOKC	83677.85503437264
52	Ordu	MEAA	90960.07066291865
52	Ordu	MEAB	0
52	Ordu	MEAC	49363.84225818957
52	Ordu	NAD	76475.19057059675
52	Ordu	PAS	657950.6203509045
52	Ordu	FORE	1028119.0735431327
52	Ordu	TEA	336582.2741934154
52	Ordu	KOY	116578.88590277274
53	Rize	TYYS	230.14342387504064
53	Rize	TYA	1815802.439732694
53	Rize	TOPA	849133.9386556079
53	Rize	TOPB	43.846539551985074
53	Rize	TOPC	451871.2700134046
53	Rize	TARA	15633.96359577101
53	Rize	TARB	0
53	Rize	TARC	19491.37920806645
53	Rize	SEBA	7958.324821254837
53	Rize	SEBB	0
53	Rize	SEBC	8285.029879779191
53	Rize	MEYA	486383.13289141085
53	Rize	MEYB	42.04516698873379
53	Rize	MEYC	650376.5186897876
53	Rize	KAVA	687.5883660208851
53	Rize	KAVB	0
53	Rize	KAVC	429.8318424547108
53	Rize	TEOKA	11345.116083687599
53	Rize	TEOKB	0
53	Rize	TEOKC	30600.521677742247
53	Rize	MEAA	287106.4458537577
53	Rize	MEAB	0
53	Rize	MEAC	239627.90174566727
53	Rize	NAD	70.40514429566255
53	Rize	PAS	629393.0927625272
53	Rize	FORE	1078792.7652156516
53	Rize	TEA	130657.30495481103
53	Rize	KOY	69308.52513546364
54	Sakarya	TYYS	753.5947672852725
54	Sakarya	TYA	2676390.675989352
54	Sakarya	TOPA	1370934.0663685782
54	Sakarya	TOPB	227374.34583896882
54	Sakarya	TOPC	1718719.7236401427
54	Sakarya	TARA	829960.1433497744
54	Sakarya	TARB	115721.4691031488
54	Sakarya	TARC	219437.97892048123
54	Sakarya	SEBA	20987.768999243515
54	Sakarya	SEBB	27468.005447772648
54	Sakarya	SEBC	18445.647834573832
54	Sakarya	MEYA	744793.2814713712
54	Sakarya	MEYB	55477.82117947484
54	Sakarya	MEYC	975268.9140362656
54	Sakarya	KAVA	36412.080540978066
54	Sakarya	KAVB	4733.319246175424
54	Sakarya	KAVC	42906.959725299486
54	Sakarya	TEOKA	90761.58834870828
54	Sakarya	TEOKB	2377.59489587116
54	Sakarya	TEOKC	41388.878074882174
54	Sakarya	MEAA	61220.53469047413
54	Sakarya	MEAB	1527.8661391684418
54	Sakarya	MEAC	42621.02410138334
54	Sakarya	NAD	105269.56586278047
54	Sakarya	PAS	167366.71093946748
54	Sakarya	FORE	2064694.6648288392
54	Sakarya	TEA	137387.07924236878
54	Sakarya	KOY	135735.9346427425
55	Samsun	TYYS	749.1596036438194
55	Samsun	TYA	7790491.083657848
55	Samsun	TOPA	2999210.069570743
55	Samsun	TOPB	315838.1823587796
55	Samsun	TOPC	3201692.995310559
55	Samsun	TARA	1788395.8942855822
55	Samsun	TARB	459262.4352405207
55	Samsun	TARC	2739154.6615380268
55	Samsun	SEBA	241063.57709580686
55	Samsun	SEBB	226497.3950713532
55	Samsun	SEBC	92435.1228540258
55	Samsun	MEYA	1310042.9136017298
55	Samsun	MEYB	72149.14249111463
55	Samsun	MEYC	802883.7716736089
55	Samsun	KAVA	85086.6297085377
55	Samsun	KAVB	11265.329564696169
55	Samsun	KAVC	53047.97804535911
55	Samsun	TEOKA	234941.09751765843
55	Samsun	TEOKB	378.931670410885
55	Samsun	TEOKC	113261.92298660577
55	Samsun	MEAA	33646.60104301556
55	Samsun	MEAB	2533.065478781974
55	Samsun	MEAC	25910.48079897942
55	Samsun	NAD	246745.93185784714
55	Samsun	PAS	701870.457074923
55	Samsun	FORE	4467652.984926729
55	Samsun	TEA	438422.34333206154
55	Samsun	KOY	226062.87167974087
56	Siirt	TYYS	298.55974016320704
56	Siirt	TYA	2993950.7337343837
56	Siirt	TOPA	591824.2930495944
56	Siirt	TOPB	164512.20261771107
56	Siirt	TOPC	1190059.500935256
56	Siirt	TARA	598348.4744023568
56	Siirt	TARB	49956.361822673025
56	Siirt	TARC	456587.3532788217
56	Siirt	SEBA	34181.528471731755
56	Siirt	SEBB	25353.298701549076
56	Siirt	SEBC	1696.3834621416167
56	Siirt	MEYA	69450.661204622
56	Siirt	MEYB	4434.520966562539
56	Siirt	MEYC	70768.43711137118
56	Siirt	KAVA	8711.366378184104
56	Siirt	KAVB	7483.814988820588
56	Siirt	KAVC	1451.9299880117258
56	Siirt	TEOKA	254721.25721163506
56	Siirt	TEOKB	6341.796514195696
56	Siirt	TEOKC	231158.22750089763
56	Siirt	MEAA	77096.43572805557
56	Siirt	MEAB	41205.97964262114
56	Siirt	MEAC	48389.13056680711
56	Siirt	NAD	111663.79367001624
56	Siirt	PAS	1471003.0156751496
56	Siirt	FORE	1190558.2913860192
56	Siirt	TEA	785311.9294569131
56	Siirt	KOY	35394.68132274905
57	Sinop	TYYS	464.15850595182286
57	Sinop	TYA	5392383.665740879
57	Sinop	TOPA	1069317.7523586699
57	Sinop	TOPB	148256.2222188766
57	Sinop	TOPC	1135317.1663623182
57	Sinop	TARA	1086252.0597842962
57	Sinop	TARB	74064.50580010428
57	Sinop	TARC	770727.873136312
57	Sinop	SEBA	27039.967217345824
57	Sinop	SEBB	7554.828844573461
57	Sinop	SEBC	19695.78610492469
57	Sinop	MEYA	35748.43479287009
57	Sinop	MEYB	483.8623146054606
57	Sinop	MEYC	45630.65717259249
57	Sinop	KAVA	16546.341293262984
57	Sinop	KAVB	3400.036631009995
57	Sinop	KAVC	13778.946372333077
57	Sinop	TEOKA	247920.6300217443
57	Sinop	TEOKB	1887.8631350105761
57	Sinop	TEOKC	301368.5265192939
57	Sinop	MEAA	26900.15264440966
57	Sinop	MEAB	433.73587655901184
57	Sinop	MEAC	39898.15869805637
57	Sinop	NAD	297953.3982910799
57	Sinop	PAS	108094.36516674771
57	Sinop	FORE	2813824.1090437225
57	Sinop	TEA	129483.74339147427
57	Sinop	KOY	205771.9197422639
58	Sivas	TYYS	1177.6822801985963
58	Sivas	TYA	22044063.402614813
58	Sivas	TOPA	5289197.985226659
58	Sivas	TOPB	1070299.3420158294
58	Sivas	TOPC	6267472.572360282
58	Sivas	TARA	4561230.803680097
58	Sivas	TARB	539085.5785190334
58	Sivas	TARC	3900102.020413914
58	Sivas	SEBA	45047.87187553627
58	Sivas	SEBB	53163.621258750834
58	Sivas	SEBC	6214.390426380229
58	Sivas	MEYA	49760.37103321127
58	Sivas	MEYB	65696.96396905233
58	Sivas	MEYC	4835.674691917001
58	Sivas	KAVA	125269.42766270445
58	Sivas	KAVB	105631.92290093414
58	Sivas	KAVC	19475.160536278974
58	Sivas	TEOKA	1361414.9175263445
58	Sivas	TEOKB	17855.468344999477
58	Sivas	TEOKC	1413254.462819662
58	Sivas	MEAA	612986.555699
58	Sivas	MEAB	406864.38423972076
58	Sivas	MEAC	298729.2867849678
58	Sivas	NAD	3201725.251772473
58	Sivas	PAS	8750674.42825652
58	Sivas	FORE	795955.4023275771
58	Sivas	TEA	1203419.3721351721
58	Sivas	KOY	369397.76704737474
59	Tekirdağ	TYYS	176.80337075738936
59	Tekirdağ	TYA	4660115.968530537
59	Tekirdağ	TOPA	3247791.1228515883
59	Tekirdağ	TOPB	104905.43295611002
59	Tekirdağ	TOPC	3517177.0159259313
59	Tekirdağ	TARA	4513355.067248727
59	Tekirdağ	TARB	106908.49995501427
59	Tekirdağ	TARC	3091892.039311289
59	Tekirdağ	SEBA	25220.186695435717
59	Tekirdağ	SEBB	9832.482245831532
59	Tekirdağ	SEBC	22462.90226444597
59	Tekirdağ	MEYA	26336.746168046222
59	Tekirdağ	MEYB	24.870218158102915
59	Tekirdağ	MEYC	26551.733629282015
59	Tekirdağ	KAVA	6705.8169559792705
59	Tekirdağ	KAVB	525.6036189414186
59	Tekirdağ	KAVC	9564.801848438778
59	Tekirdağ	TEOKA	154916.85152939748
59	Tekirdağ	TEOKB	0
59	Tekirdağ	TEOKC	182343.69801076123
59	Tekirdağ	MEAA	47868.49081554008
59	Tekirdağ	MEAB	337.16002307250693
59	Tekirdağ	MEAC	68308.76528464648
59	Tekirdağ	NAD	14409.389718428993
59	Tekirdağ	PAS	633700.3692343656
59	Tekirdağ	FORE	913603.2869400786
59	Tekirdağ	TEA	81600.04381611817
59	Tekirdağ	KOY	290982.692539867
60	Tokat	TYYS	391.94516969900394
60	Tokat	TYA	10501809.753719047
60	Tokat	TOPA	1873373.1454745869
60	Tokat	TOPB	974548.4459298889
60	Tokat	TOPC	3021821.8036814304
60	Tokat	TARA	2724828.8055074033
60	Tokat	TARB	547590.4577128354
60	Tokat	TARC	1563124.0516074635
60	Tokat	SEBA	128324.20418957487
60	Tokat	SEBB	184341.00357395562
60	Tokat	SEBC	4753.886448884145
60	Tokat	MEYA	95117.9570621784
60	Tokat	MEYB	28094.661902619868
60	Tokat	MEYC	105084.60458126132
60	Tokat	KAVA	9475.309159529377
60	Tokat	KAVB	12455.668894556646
60	Tokat	KAVC	3740.1513122213933
60	Tokat	TEOKA	167718.5129434021
60	Tokat	TEOKB	354.7470096865244
60	Tokat	TEOKC	231361.98151896617
60	Tokat	MEAA	104627.87558595931
60	Tokat	MEAB	15350.64267822414
60	Tokat	MEAC	69374.67808822938
60	Tokat	NAD	128658.38458281815
60	Tokat	PAS	1074814.1132272459
60	Tokat	FORE	2832324.120833167
60	Tokat	TEA	276586.4805955624
60	Tokat	KOY	188215.14352738796
61	Trabzon	TYYS	533.4512275544922
61	Trabzon	TYA	5801191.459705033
61	Trabzon	TOPA	579028.658889519
61	Trabzon	TOPB	11056.582462267661
61	Trabzon	TOPC	862597.9024975379
61	Trabzon	TARA	220603.32046454324
61	Trabzon	TARB	7090.903188347465
61	Trabzon	TARC	200018.86765888624
61	Trabzon	SEBA	27179.532080934772
61	Trabzon	SEBB	2369.4491235350783
61	Trabzon	SEBC	26469.77735785656
61	Trabzon	MEYA	718289.6833937501
61	Trabzon	MEYB	36.28863822144472
61	Trabzon	MEYC	1140928.2861249684
61	Trabzon	KAVA	1654.0844370430134
61	Trabzon	KAVB	0
61	Trabzon	KAVC	781.1767939659345
61	Trabzon	TEOKA	21873.298033782878
61	Trabzon	TEOKB	0
61	Trabzon	TEOKC	22366.64264978586
61	Trabzon	MEAA	193267.60736147803
61	Trabzon	MEAB	8.140850778285508
61	Trabzon	MEAC	270944.1183746201
61	Trabzon	NAD	132.30899968725276
61	Trabzon	PAS	1365481.765375259
61	Trabzon	FORE	681521.743046514
61	Trabzon	TEA	140140.22151633378
61	Trabzon	KOY	75004.04240643447
62	Tunceli	TYYS	145.65806062731585
62	Tunceli	TYA	2705276.396280443
62	Tunceli	TOPA	840001.7097844263
62	Tunceli	TOPB	297899.9956238715
62	Tunceli	TOPC	281641.60257565486
62	Tunceli	TARA	285347.183828345
62	Tunceli	TARB	77291.25837904261
62	Tunceli	TARC	167801.08587663248
62	Tunceli	SEBA	3885.157777943005
62	Tunceli	SEBB	4771.931791530823
62	Tunceli	SEBC	603.6638225338145
62	Tunceli	MEYA	13372.034832114958
62	Tunceli	MEYB	13616.503770993506
62	Tunceli	MEYC	3230.8138966573724
62	Tunceli	KAVA	17764.713495402124
62	Tunceli	KAVB	14461.539220345487
62	Tunceli	KAVC	5714.10706414595
62	Tunceli	TEOKA	354400.8588388308
62	Tunceli	TEOKB	119955.33966180515
62	Tunceli	TEOKC	314927.00968868117
62	Tunceli	MEAA	246542.95336945995
62	Tunceli	MEAB	123733.7985565743
62	Tunceli	MEAC	28950.716125627747
62	Tunceli	NAD	202422.02578062273
62	Tunceli	PAS	657618.382900377
62	Tunceli	FORE	1678560.4074327215
62	Tunceli	TEA	418659.37171215576
62	Tunceli	KOY	80159.15203605639
63	Şanlıurfa	TYYS	1914.225460834749
63	Şanlıurfa	TYA	17023895.088048324
63	Şanlıurfa	TOPA	4604056.32099596
63	Şanlıurfa	TOPB	2869743.7528280127
63	Şanlıurfa	TOPC	5836054.54772222
63	Şanlıurfa	TARA	9618784.15567884
63	Şanlıurfa	TARB	2404570.23011104
63	Şanlıurfa	TARC	5346199.207482356
63	Şanlıurfa	SEBA	46148.99624616091
63	Şanlıurfa	SEBB	46692.82571988885
63	Şanlıurfa	SEBC	31628.256237886002
63	Şanlıurfa	MEYA	917255.058613508
63	Şanlıurfa	MEYB	12463.603162567091
63	Şanlıurfa	MEYC	1086638.2737089156
63	Şanlıurfa	KAVA	10211.697165561975
63	Şanlıurfa	KAVB	4423.0567020679955
63	Şanlıurfa	KAVC	1641.9560336275465
63	Şanlıurfa	TEOKA	327285.5188759373
63	Şanlıurfa	TEOKB	38885.21381279024
63	Şanlıurfa	TEOKC	643316.2649424796
63	Şanlıurfa	MEAA	234365.87710330542
63	Şanlıurfa	MEAB	2230.679937654031
63	Şanlıurfa	MEAC	176957.39601596625
63	Şanlıurfa	NAD	423292.82672669436
63	Şanlıurfa	PAS	3638909.9635616103
63	Şanlıurfa	FORE	103198.82466417964
63	Şanlıurfa	TEA	2556789.9691000446
63	Şanlıurfa	KOY	168900.536733519
64	Uşak	TYYS	343.11099486366186
64	Uşak	TYA	2260139.418928931
64	Uşak	TOPA	2346629.8927358813
64	Uşak	TOPB	108779.7296569097
64	Uşak	TOPC	1577765.212572351
64	Uşak	TARA	1505805.4384655417
64	Uşak	TARB	109888.8625606783
64	Uşak	TARC	2450335.906293328
64	Uşak	SEBA	50844.40562955168
64	Uşak	SEBB	24778.90880714725
64	Uşak	SEBC	9855.760234945119
64	Uşak	MEYA	113823.83778552886
64	Uşak	MEYB	15102.510385349402
64	Uşak	MEYC	26553.99853866575
64	Uşak	KAVA	28066.197451200736
64	Uşak	KAVB	17501.46334022193
64	Uşak	KAVC	7207.12416185235
64	Uşak	TEOKA	96154.29664826111
64	Uşak	TEOKB	34.908019489972375
64	Uşak	TEOKC	61978.437193051686
64	Uşak	MEAA	33321.39479427221
64	Uşak	MEAB	8179.224506965514
64	Uşak	MEAC	7954.103887039626
64	Uşak	NAD	25550.20200006481
64	Uşak	PAS	356125.6364064996
64	Uşak	FORE	2753084.215058275
64	Uşak	TEA	134621.828578777
64	Uşak	KOY	201944.39698366748
65	Van	TYYS	855.1069523155362
65	Van	TYA	17450237.610042088
65	Van	TOPA	2389381.4740963024
65	Van	TOPB	1208653.349630314
65	Van	TOPC	995611.0690572741
65	Van	TARA	1541392.9569745974
65	Van	TARB	800347.274410533
65	Van	TARC	712483.886221926
65	Van	SEBA	5686.506951114108
65	Van	SEBB	9134.077770976448
65	Van	SEBC	552.1510205842235
65	Van	MEYA	7172.441264850365
65	Van	MEYB	5795.49956498794
65	Van	MEYC	367.4602346019645
65	Van	KAVA	41044.15147475132
65	Van	KAVB	27578.560618475556
65	Van	KAVC	3711.534252410177
65	Van	TEOKA	43588.83720529734
65	Van	TEOKB	17886.381270095113
65	Van	TEOKC	76204.45427991924
65	Van	MEAA	372201.247235418
65	Van	MEAB	71661.26043169718
65	Van	MEAC	150111.56105835483
65	Van	NAD	1431806.1131113938
65	Van	PAS	6231741.278646889
65	Van	FORE	100975.32437657454
65	Van	TEA	11068943.815861033
65	Van	KOY	153951.79054045895
66	Yozgat	TYYS	593.2002485125058
66	Yozgat	TYA	6320086.508752763
66	Yozgat	TOPA	6985065.326535447
66	Yozgat	TOPB	802650.842596248
66	Yozgat	TOPC	5472669.1781664165
66	Yozgat	TARA	6066071.423746102
66	Yozgat	TARB	634433.1145605161
66	Yozgat	TARC	3367319.713916807
66	Yozgat	SEBA	12048.27774337492
66	Yozgat	SEBB	14243.81361152872
66	Yozgat	SEBC	6526.794846021603
66	Yozgat	MEYA	48878.49006032231
66	Yozgat	MEYB	3321.152615493838
66	Yozgat	MEYC	58570.18985822494
66	Yozgat	KAVA	38682.15596894912
66	Yozgat	KAVB	12563.435687287356
66	Yozgat	KAVC	21580.199238537803
66	Yozgat	TEOKA	154293.6375027132
66	Yozgat	TEOKB	1550.7148314275692
66	Yozgat	TEOKC	119037.94226224159
66	Yozgat	MEAA	40544.64494391829
66	Yozgat	MEAB	13661.865651883134
66	Yozgat	MEAC	64833.7451687456
66	Yozgat	NAD	1827923.2138728546
66	Yozgat	PAS	1818778.5902537412
66	Yozgat	FORE	3065388.1468765116
66	Yozgat	TEA	170719.19268697978
66	Yozgat	KOY	424443.49776738504
67	Zonguldak	TYYS	571.5894211647637
67	Zonguldak	TYA	2977463.7020864277
67	Zonguldak	TOPA	1036231.7007002981
67	Zonguldak	TOPB	9306.462152932463
67	Zonguldak	TOPC	1232560.5512542988
67	Zonguldak	TARA	291814.63601962826
67	Zonguldak	TARB	2272.806879014216
67	Zonguldak	TARC	342773.73765331646
67	Zonguldak	SEBA	67164.24996807006
67	Zonguldak	SEBB	25223.299836758044
67	Zonguldak	SEBC	28508.08213533784
67	Zonguldak	MEYA	257802.90121736954
67	Zonguldak	MEYB	132.88940898876552
67	Zonguldak	MEYC	216237.32351654678
67	Zonguldak	KAVA	8732.30496647398
67	Zonguldak	KAVB	0.9619406194321797
67	Zonguldak	KAVC	5506.50242286461
67	Zonguldak	TEOKA	475057.5505848868
67	Zonguldak	TEOKB	0
67	Zonguldak	TEOKC	500118.62383771734
67	Zonguldak	MEAA	14295.969360514746
67	Zonguldak	MEAB	0
67	Zonguldak	MEAC	14057.995525361563
67	Zonguldak	NAD	17836.451680849696
67	Zonguldak	PAS	59792.07108588892
67	Zonguldak	FORE	1884371.54527917
67	Zonguldak	TEA	107799.7499873536
67	Zonguldak	KOY	-3778.752359044447
68	Aksaray	TYYS	169.83435609257845
68	Aksaray	TYA	2722335.1123313387
68	Aksaray	TOPA	2382812.2300284496
68	Aksaray	TOPB	590770.5132882745
68	Aksaray	TOPC	1670453.8436324897
68	Aksaray	TARA	1640659.0214285047
68	Aksaray	TARB	600443.5702014731
68	Aksaray	TARC	919729.2427056518
68	Aksaray	SEBA	50957.26557336479
68	Aksaray	SEBB	30504.99897937031
68	Aksaray	SEBC	11710.252488771983
68	Aksaray	MEYA	66883.16815565575
68	Aksaray	MEYB	10446.793256689767
68	Aksaray	MEYC	34243.774492128265
68	Aksaray	KAVA	12875.602818076175
68	Aksaray	KAVB	24992.281182311664
68	Aksaray	KAVC	5370.677302000653
68	Aksaray	TEOKA	43634.942730629366
68	Aksaray	TEOKB	0
68	Aksaray	TEOKC	35392.12570337934
68	Aksaray	MEAA	23295.144443444395
68	Aksaray	MEAB	16259.489017134028
68	Aksaray	MEAC	7982.322017862847
68	Aksaray	NAD	650700.7594102579
68	Aksaray	PAS	1702731.8912238176
68	Aksaray	FORE	148097.4190497992
68	Aksaray	TEA	961583.2351584632
68	Aksaray	KOY	370676.98484052246
69	Bayburt	TYYS	129.16025768794967
69	Bayburt	TYA	2945420.8987027337
69	Bayburt	TOPA	382630.4560137366
69	Bayburt	TOPB	134253.3279911744
69	Bayburt	TOPC	331626.59870676935
69	Bayburt	TARA	390738.5347362334
69	Bayburt	TARB	152150.54586214933
69	Bayburt	TARC	245634.73972905843
69	Bayburt	SEBA	1080.8142446398854
69	Bayburt	SEBB	1601.237025259973
69	Bayburt	SEBC	0
69	Bayburt	MEYA	370.5182290227099
69	Bayburt	MEYB	336.3784738736508
69	Bayburt	MEYC	5.213192300592636
69	Bayburt	KAVA	11370.92735489733
69	Bayburt	KAVB	9594.671037011243
69	Bayburt	KAVC	239.88735873821977
69	Bayburt	TEOKA	78272.2058354992
69	Bayburt	TEOKB	1389.9216746233658
69	Bayburt	TEOKC	66476.58127457614
69	Bayburt	MEAA	52751.66708639848
69	Bayburt	MEAB	31745.206596395794
69	Bayburt	MEAC	31683.509873813007
69	Bayburt	NAD	137479.76887510688
69	Bayburt	PAS	1183714.5199532765
69	Bayburt	FORE	162086.23498788243
69	Bayburt	TEA	416909.2254248967
69	Bayburt	KOY	44567.082712944735
70	Karaman	TYYS	109.91582857397917
70	Karaman	TYA	5880261.846234215
70	Karaman	TOPA	1893864.2272221758
70	Karaman	TOPB	866180.6305932571
70	Karaman	TOPC	2009350.3910966748
70	Karaman	TARA	570677.1277113212
70	Karaman	TARB	364867.18084224185
70	Karaman	TARC	1409347.4360268875
70	Karaman	SEBA	52243.79325429048
70	Karaman	SEBB	36008.562847076086
70	Karaman	SEBC	6638.12164379227
70	Karaman	MEYA	99059.89326010054
70	Karaman	MEYB	233624.1981406315
70	Karaman	MEYC	58504.38692715293
70	Karaman	KAVA	11492.553838348074
70	Karaman	KAVB	5290.717456316763
70	Karaman	KAVC	160.41206625250365
70	Karaman	TEOKA	31716.725457523076
70	Karaman	TEOKB	2248.369297570639
70	Karaman	TEOKC	74829.46891578197
70	Karaman	MEAA	9594.128322278346
70	Karaman	MEAB	246.19528593067295
70	Karaman	MEAC	89230.68892636208
70	Karaman	NAD	631101.5475671861
70	Karaman	PAS	2007325.2643573317
70	Karaman	FORE	1992273.8712839866
70	Karaman	TEA	1043924.1117027067
70	Karaman	KOY	114267.10001920135
71	Kırıkkale	TYYS	177.42922444665075
71	Kırıkkale	TYA	2234285.000692569
71	Kırıkkale	TOPA	1047395.2921514732
71	Kırıkkale	TOPB	220901.2294803973
71	Kırıkkale	TOPC	1167650.0854510544
71	Kırıkkale	TARA	1531340.702978097
71	Kırıkkale	TARB	127515.64520119259
71	Kırıkkale	TARC	1111948.4909580322
71	Kırıkkale	SEBA	15919.139351204467
71	Kırıkkale	SEBB	12306.684265866556
71	Kırıkkale	SEBC	9300.667421203456
71	Kırıkkale	MEYA	33854.384942764285
71	Kırıkkale	MEYB	6092.048973524272
71	Kırıkkale	MEYC	29591.871385137845
71	Kırıkkale	KAVA	5122.775804163697
71	Kırıkkale	KAVB	7743.137158684898
71	Kırıkkale	KAVC	703.0529601895408
71	Kırıkkale	TEOKA	51552.26609117846
71	Kırıkkale	TEOKB	873.3485618688271
71	Kırıkkale	TEOKC	89698.52811614124
71	Kırıkkale	MEAA	19289.95466688842
71	Kırıkkale	MEAB	7800.653525401767
71	Kırıkkale	MEAC	10899.349171803337
71	Kırıkkale	NAD	579380.7460084708
71	Kırıkkale	PAS	801780.4112954497
71	Kırıkkale	FORE	394320.7396255814
71	Kırıkkale	TEA	634262.4825945264
71	Kırıkkale	KOY	58862.58921631264
72	Batman	TYYS	175.216148876298
72	Batman	TYA	3588284.4322993914
72	Batman	TOPA	1265271.9861675682
72	Batman	TOPB	220518.5333225081
72	Batman	TOPC	1520966.471718812
72	Batman	TARA	926732.6991481964
72	Batman	TARB	169444.42471506467
72	Batman	TARC	928396.1357514118
72	Batman	SEBA	37326.388263328205
72	Batman	SEBB	20318.955285876284
72	Batman	SEBC	12257.667140058256
72	Batman	MEYA	74106.85096616686
72	Batman	MEYB	8130.491145922175
72	Batman	MEYC	30662.451076408866
72	Batman	KAVA	802.1639520194353
72	Batman	KAVB	112.64070844902109
72	Batman	KAVC	464.35772333575653
72	Batman	TEOKA	39565.19341976622
72	Batman	TEOKB	0
72	Batman	TEOKC	27447.046024608353
72	Batman	MEAA	19161.914310501394
72	Batman	MEAB	0
72	Batman	MEAC	23303.084950171098
72	Batman	NAD	27844.995473876752
72	Batman	PAS	448137.5708278295
72	Batman	FORE	773132.1104403113
72	Batman	TEA	1442123.236546379
72	Batman	KOY	35730.79678904182
73	Şırnak	TYYS	139.06790754177374
73	Şırnak	TYA	2415546.871784104
73	Şırnak	TOPA	1099676.231388867
73	Şırnak	TOPB	287408.8542347832
73	Şırnak	TOPC	584382.3637285058
73	Şırnak	TARA	683379.2688043864
73	Şırnak	TARB	110558.41388727758
73	Şırnak	TARC	268508.001960357
73	Şırnak	SEBA	41636.715640485716
73	Şırnak	SEBB	9117.387195341782
73	Şırnak	SEBC	17050.713809735913
73	Şırnak	MEYA	20833.989110590246
73	Şırnak	MEYB	11245.809415810198
73	Şırnak	MEYC	15872.689036114909
73	Şırnak	KAVA	2333.6002096610036
73	Şırnak	KAVB	2284.475754987986
73	Şırnak	KAVC	0
73	Şırnak	TEOKA	82679.45824545028
73	Şırnak	TEOKB	806.8085135378011
73	Şırnak	TEOKC	109624.20817389805
73	Şırnak	MEAA	77.52208834680727
73	Şırnak	MEAB	43.8446524164718
73	Şırnak	MEAC	76.53698424446125
73	Şırnak	NAD	38162.86586208036
73	Şırnak	PAS	830246.7684456215
73	Şırnak	FORE	478671.98464667134
73	Şırnak	TEA	226294.48060769757
73	Şırnak	KOY	43002.166468063486
74	Bartın	TYYS	303.7132293585378
74	Bartın	TYA	1502159.3349601505
74	Bartın	TOPA	672734.5549286971
74	Bartın	TOPB	19955.03497088953
74	Bartın	TOPC	550502.261118212
74	Bartın	TARA	88788.2131152769
74	Bartın	TARB	5867.93055922314
74	Bartın	TARC	257060.8393163401
74	Bartın	SEBA	23303.311450628327
74	Bartın	SEBB	23906.90867988266
74	Bartın	SEBC	11863.887522788018
74	Bartın	MEYA	20009.619719960934
74	Bartın	MEYB	422.07355068425153
74	Bartın	MEYC	37621.49057867766
74	Bartın	KAVA	22998.966962282226
74	Bartın	KAVB	1027.3956444229386
74	Bartın	KAVC	17635.462999839743
74	Bartın	TEOKA	407467.18119991187
74	Bartın	TEOKB	124.4278985383411
74	Bartın	TEOKC	346093.0894702358
74	Bartın	MEAA	5345.348122516512
74	Bartın	MEAB	106.41857677203151
74	Bartın	MEAC	9329.243387993783
74	Bartın	NAD	30065.47303380887
74	Bartın	PAS	36348.965914024295
74	Bartın	FORE	1252662.0082839716
74	Bartın	TEA	33529.746568663875
74	Bartın	KOY	125744.7859526579
75	Ardahan	TYYS	216.61333201057198
75	Ardahan	TYA	4272774.238275475
75	Ardahan	TOPA	1414987.2389243112
75	Ardahan	TOPB	73414.90612026559
75	Ardahan	TOPC	1494345.7208203473
75	Ardahan	TARA	1135082.9068320943
75	Ardahan	TARB	28467.285057398665
75	Ardahan	TARC	704538.6737852977
75	Ardahan	SEBA	971.0577301050635
75	Ardahan	SEBB	389.32745636958964
75	Ardahan	SEBC	604.8443296610671
75	Ardahan	MEYA	865.3737067951424
75	Ardahan	MEYB	866.8879155461348
75	Ardahan	MEYC	2997.9875360788865
75	Ardahan	KAVA	3201.8763333623947
75	Ardahan	KAVB	233.77062362658734
75	Ardahan	KAVC	3344.021401595585
75	Ardahan	TEOKA	47508.78795804357
75	Ardahan	TEOKB	789.9334914256276
75	Ardahan	TEOKC	42653.70870081895
75	Ardahan	MEAA	409214.23470422585
75	Ardahan	MEAB	19293.386796697618
75	Ardahan	MEAC	300266.2151265703
75	Ardahan	NAD	264720.8656742493
75	Ardahan	PAS	1194657.079103352
75	Ardahan	FORE	216797.93124051476
75	Ardahan	TEA	249713.25232179285
75	Ardahan	KOY	67381.14499124044
76	Iğdır	TYYS	178.34183576267662
76	Iğdır	TYA	1889116.8236194612
76	Iğdır	TOPA	1256418.1827842023
76	Iğdır	TOPB	891045.3498179498
76	Iğdır	TOPC	438839.8435145897
76	Iğdır	TARA	547548.4871557694
76	Iğdır	TARB	379110.79450755165
76	Iğdır	TARC	168577.0831022933
76	Iğdır	SEBA	43311.8806467524
76	Iğdır	SEBB	36466.42232470757
76	Iğdır	SEBC	10018.492689213806
76	Iğdır	MEYA	50639.53699859044
76	Iğdır	MEYB	45704.23993706734
76	Iğdır	MEYC	1583.6417641147596
76	Iğdır	KAVA	23512.428371989856
76	Iğdır	KAVB	23732.381457141597
76	Iğdır	KAVC	2.8864567249719437
76	Iğdır	TEOKA	359298.7941410527
76	Iğdır	TEOKB	60779.25998524356
76	Iğdır	TEOKC	279671.53915308847
76	Iğdır	MEAA	271091.1094630319
76	Iğdır	MEAB	156498.98767317648
76	Iğdır	MEAC	211857.64963777346
76	Iğdır	NAD	59753.317184558866
76	Iğdır	PAS	1302715.2276982083
76	Iğdır	FORE	8337.158048840813
76	Iğdır	TEA	329701.690273672
76	Iğdır	KOY	116485.25653030255
77	Yalova	TYYS	56.93601051568507
77	Yalova	TYA	895431.8292314415
77	Yalova	TOPA	105151.09539250433
77	Yalova	TOPB	45710.48544035126
77	Yalova	TOPC	176432.10354469754
77	Yalova	TARA	55288.099829861916
77	Yalova	TARB	10626.91009957852
77	Yalova	TARC	44758.73999082403
77	Yalova	SEBA	14246.401102353297
77	Yalova	SEBB	10905.049604737227
77	Yalova	SEBC	1478.2162672411037
77	Yalova	MEYA	94066.9311114818
77	Yalova	MEYB	29437.48617894099
77	Yalova	MEYC	17020.287789847673
77	Yalova	KAVA	851.1519495802613
77	Yalova	KAVB	212.83366935803568
77	Yalova	KAVC	257.71629800010487
77	Yalova	TEOKA	52393.47627789162
77	Yalova	TEOKB	1045.3104365921517
77	Yalova	TEOKC	40498.30649100397
77	Yalova	MEAA	12297.95308252923
77	Yalova	MEAB	138.18395516724357
77	Yalova	MEAC	8501.696416324836
77	Yalova	NAD	14512.833578433048
77	Yalova	PAS	23093.68554063143
77	Yalova	FORE	313747.4497038758
77	Yalova	TEA	28611.142876404854
77	Yalova	KOY	56694.90344992754
78	Karabük	TYYS	283.81819702138375
78	Karabük	TYA	4748147.43688814
78	Karabük	TOPA	528844.4084931817
78	Karabük	TOPB	26573.906467242476
78	Karabük	TOPC	519490.956067132
78	Karabük	TARA	440959.96107119607
78	Karabük	TARB	5693.083378116888
78	Karabük	TARC	291264.94804848975
78	Karabük	SEBA	28367.309191686472
78	Karabük	SEBB	30396.72720622371
78	Karabük	SEBC	7547.665930726082
78	Karabük	MEYA	6401.424163580116
78	Karabük	MEYB	6856.029492957704
78	Karabük	MEYC	10084.50117962226
78	Karabük	KAVA	4260.925455320672
78	Karabük	KAVB	4581.357795250994
78	Karabük	KAVC	1793.9256794320052
78	Karabük	TEOKA	379022.10639382683
78	Karabük	TEOKB	1240.8684659990438
78	Karabük	TEOKC	394849.3620766625
78	Karabük	MEAA	24208.73762653398
78	Karabük	MEAB	1124.1912046408793
78	Karabük	MEAC	36907.81204201437
78	Karabük	NAD	139563.8360659311
78	Karabük	PAS	146531.5211810237
78	Karabük	FORE	412060.54709614906
78	Karabük	TEA	69037.50177651858
78	Karabük	KOY	150236.08743987922
79	Kilis	TYYS	209.0164668646733
79	Kilis	TYA	1597504.7666192364
79	Kilis	TOPA	925090.3321971602
79	Kilis	TOPB	31878.826999278324
79	Kilis	TOPC	928341.3969270261
79	Kilis	TARA	85599.43862710783
79	Kilis	TARB	25177.181016723447
79	Kilis	TARC	295263.5503802809
79	Kilis	SEBA	15005.579950808195
79	Kilis	SEBB	22318.37133134908
79	Kilis	SEBC	5049.560688067281
79	Kilis	MEYA	298051.33361134824
79	Kilis	MEYB	92.59651205230489
79	Kilis	MEYC	365547.57522569364
79	Kilis	KAVA	226.97012121946454
79	Kilis	KAVB	839.1167107206443
79	Kilis	KAVC	67.0496665143672
79	Kilis	TEOKA	36328.086971375014
79	Kilis	TEOKB	1724.4987642074102
79	Kilis	TEOKC	38479.17619611619
79	Kilis	MEAA	923.5773229624624
79	Kilis	MEAB	0
79	Kilis	MEAC	554.6161013212162
79	Kilis	NAD	51720.74708924255
79	Kilis	PAS	225054.5528087335
79	Kilis	FORE	210713.66599855956
79	Kilis	TEA	156815.97734754818
79	Kilis	KOY	36676.88315366577
80	Osmaniye	TYYS	294.5757981782283
80	Osmaniye	TYA	2952405.3924904848
80	Osmaniye	TOPA	492640.5979230759
80	Osmaniye	TOPB	485151.1713569454
80	Osmaniye	TOPC	443315.74528853677
80	Osmaniye	TARA	1320602.6778920763
80	Osmaniye	TARB	522320.4186131231
80	Osmaniye	TARC	752608.93421094306
80	Osmaniye	SEBA	26471.71781165256
80	Osmaniye	SEBB	24295.952206081893
80	Osmaniye	SEBC	11651.343785416488
80	Osmaniye	MEYA	40114.844240156424
80	Osmaniye	MEYB	13405.01570515678
80	Osmaniye	MEYC	20560.81685853779
80	Osmaniye	KAVA	5057.462020800116
80	Osmaniye	KAVB	4562.621688243583
80	Osmaniye	KAVC	2095.0004239477776
80	Osmaniye	TEOKA	27140.502646017794
80	Osmaniye	TEOKB	7200.967708135009
80	Osmaniye	TEOKC	16624.943938224693
80	Osmaniye	MEAA	23406.64263751714
80	Osmaniye	MEAB	1128.9164724433167
80	Osmaniye	MEAC	14533.549352459366
80	Osmaniye	NAD	15945.717851969988
80	Osmaniye	PAS	55876.36438654749
80	Osmaniye	FORE	1111374.159625485
80	Osmaniye	TEA	129743.69017074225
80	Osmaniye	KOY	108243.94038533376
81	Düzce	TYYS	298.31892108111305
81	Düzce	TYA	1706243.2819371824
81	Düzce	TOPA	1119119.9750545942
81	Düzce	TOPB	111500.46985860524
81	Düzce	TOPC	352388.8384632105
81	Düzce	TARA	180293.94645523754
81	Düzce	TARB	56408.6963504318
81	Düzce	TARC	113692.33904857386
81	Düzce	SEBA	12567.265039192645
81	Düzce	SEBB	5918.900009518191
81	Düzce	SEBC	9685.242485144758
81	Düzce	MEYA	629224.5872013769
81	Düzce	MEYB	11334.216524241747
81	Düzce	MEYC	890068.7461655498
81	Düzce	KAVA	6326.661468866359
81	Düzce	KAVB	5040.024871714424
81	Düzce	KAVC	5563.458454240164
81	Düzce	TEOKA	93294.78982072388
81	Düzce	TEOKB	346.71208868819014
81	Düzce	TEOKC	45228.777447994245
81	Düzce	MEAA	7473.973037084323
81	Düzce	MEAB	13.428542817644002
81	Düzce	MEAC	3236.235586677809
81	Düzce	NAD	42206.166924144665
81	Düzce	PAS	56466.012202620244
81	Düzce	FORE	826355.7674533383
81	Düzce	TEA	44270.875113620714
81	Düzce	KOY	143159.7962091624
