IK	degisken	deger
1	FBDOS	1.1030006122854132
1	KITMO	110.54434406881711
1	KKPYO	23.92263976366072
1	ISTO	51.749738724022734
1	ISCO	19.100185596611393
1	OGK	42.685977939452286
1	IMO	124.66068509606394
1	KBDTM	9069.873851894876
1	OUGGHO	22.983153665771447
1	TIKBEHO	72.50353060021745
1	BOH	10.343614008194969
1	DBYSY	80.45245992210319
1	HBDMS	3992.8778582758723
1	SMO	75.9696824314825
1	KSHMO	71.20364240457718
1	ONEYNOO	24.08098824435021
1	TEOG	249.90439237548568
1	YGS	118.88516455715478
1	FYMO	21.454882602588953
1	KEHMO	49.68688040289138
1	PM10	31.021999505505946
1	OA	18.034811427758097
1	AHVNO	93.84137110710472
1	SGGPYO	42.94925308076076
1	BTHMO	65.09040537930872
1	CO	48.31744056957613
1	OYTKS	2.5724137460087415
1	GYYKGHO	46.61848157678621
1	KAHMO	46.03552141524568
1	MISKO	106.09183518093442
1	SPYO	32.97898172515724
1	SDO	9.189346902967236
1	IAS	9.050465947659566
1	KESEO	118.72948348654708
1	HEO	4230.474378380485
1	BTTHMO	45.9177319117897
1	STSS	92.87493512040916
1	AMA	76.1100912811464
1	SIMO	97.67731554131856
1	SHMO	65.28890151412132
1	MD	61.551296597698126
2	FBDOS	1.0782316885974772
2	KITMO	69.51315633518259
2	KKPYO	27.865251033711765
2	ISTO	52.78112323122042
2	ISCO	9.699997392761498
2	OGK	57.91418005383155
2	IMO	70.63808946102989
2	KBDTM	1559.937480451346
2	OUGGHO	15.99750220154694
2	TIKBEHO	49.36042145000844
2	BOH	6.549013886954725
2	DBYSY	62.42457904092656
2	HBDMS	7813.486652033171
2	SMO	61.07622973268661
2	KSHMO	66.69230368335816
2	ONEYNOO	23.87845471767297
2	TEOG	370.12658087976365
2	YGS	220.43731335690723
2	FYMO	22.145075243971487
2	KEHMO	75.24660390490105
2	PM10	58.160036964869875
2	OA	28.10096711940415
2	AHVNO	78.93859406675558
2	SGGPYO	28.81717790243613
2	BTHMO	53.78024953817566
2	CO	23.088795983880523
2	OYTKS	0.799363157887148
2	GYYKGHO	70.98679055379714
2	KAHMO	50.70212027005554
2	MISKO	90.34170358302767
2	SPYO	14.112863057589573
2	SDO	7.675859725225096
2	IAS	2.0018465925882465
2	KESEO	77.57337869664327
2	HEO	65.32111819125575
2	BTTHMO	28.07794190774523
2	STSS	3.0332970528283902
2	AMA	0
2	SIMO	68.19787241196298
2	SHMO	61.788078141634486
2	MD	72.46888699293014
3	FBDOS	1.4201769714612953
3	KITMO	76.31881829439106
3	KKPYO	19.60738693437368
3	ISTO	29.53322976512151
3	ISCO	5.984276095142815
3	OGK	19.24411538499116
3	IMO	71.3114678266841
3	KBDTM	2725.904424755611
3	OUGGHO	18.18996524997727
3	TIKBEHO	60.09168020628858
3	BOH	11.989897513280054
3	DBYSY	111.22289795881832
3	HBDMS	7138.654191391999
3	SMO	113.01797944287512
3	KSHMO	90.24353304861413
3	ONEYNOO	21.218617917668986
3	TEOG	296.3705358595451
3	YGS	201.3661238705627
3	FYMO	13.479452326965621
3	KEHMO	76.68196299068117
3	PM10	104.72973819838981
3	OA	15.430897734442667
3	AHVNO	53.495251819314944
3	SGGPYO	7.1887301733459665
3	BTHMO	55.36975089556405
3	CO	25.160826986771813
3	OYTKS	3.6647031553311944
3	GYYKGHO	11.633001631464182
3	KAHMO	103.68416884663472
3	MISKO	118.16928063743198
3	SPYO	14.293798491567497
3	SDO	4.426069038781102
3	IAS	3.9141651349491906
3	KESEO	77.24178592298884
3	HEO	7.188650870370728
3	BTTHMO	89.77813357029234
3	STSS	44.583410297685965
3	AMA	93.16269177185733
3	SIMO	120.37232000968207
3	SHMO	68.50631611159007
3	MD	64.80592401675166
4	FBDOS	0.8285197434991033
4	KITMO	39.1342720876942
4	KKPYO	39.25312488978388
4	ISTO	27.241087291381476
4	ISCO	4.142837646489788
4	OGK	47.09766563901791
4	IMO	44.00596649444237
4	KBDTM	801.4861336346836
4	OUGGHO	25.127198559641627
4	TIKBEHO	67.99326214722414
4	BOH	17.556429373802153
4	DBYSY	63.10700909937839
4	HBDMS	6923.137178833239
4	SMO	71.67150253235604
4	KSHMO	76.30402717532638
4	ONEYNOO	31.07323718646202
4	TEOG	188.65441118541253
4	YGS	234.53021191394228
4	FYMO	11.91905009401095
4	KEHMO	51.64488754673994
4	PM10	48.37974112591796
4	OA	0.7319682129603182
4	AHVNO	63.001649301440146
4	SGGPYO	11.10728912138449
4	BTHMO	36.08846483022272
4	CO	30.129712403558297
4	OYTKS	1.4383985836334463
4	GYYKGHO	58.868025493527135
4	KAHMO	82.1002736539718
4	MISKO	46.227358655701444
4	SPYO	12.702440976741677
4	SDO	7.279446409057771
4	IAS	2.4624077153441966
4	KESEO	50.496538397983315
4	HEO	212.94497386229352
4	BTTHMO	33.81227241232977
4	STSS	6.6625136434859336
4	AMA	0
4	SIMO	80.26203907289343
4	SHMO	22.55439441917486
4	MD	53.85434034649749
5	FBDOS	1.4152244979338495
5	KITMO	54.96759012117618
5	KKPYO	11.576878019946756
5	ISTO	56.88793917722901
5	ISCO	4.437806611403314
5	OGK	55.67461789331952
5	IMO	107.5232112765082
5	KBDTM	2069.0818509039145
5	OUGGHO	22.798506552817855
5	TIKBEHO	40.15549137537121
5	BOH	7.819059053538696
5	DBYSY	22.380496052877405
5	HBDMS	7504.928754094313
5	SMO	70.46577659300078
5	KSHMO	62.514641038978446
5	ONEYNOO	46.307156763931786
5	TEOG	278.58480952085915
5	YGS	249.3409960547859
5	FYMO	16.500342762364404
5	KEHMO	114.66185069105087
5	PM10	27.50982921654765
5	OA	41.334671203857546
5	AHVNO	82.41420916239595
5	SGGPYO	8.253863147387918
5	BTHMO	83.42725911803555
5	CO	25.87989244313304
5	OYTKS	4.246113419291751
5	GYYKGHO	55.43348330381342
5	KAHMO	104.68674821584237
5	MISKO	150.28570650366902
5	SPYO	30.95957100635924
5	SDO	5.893252639448659
5	IAS	4.828362706164391
5	KESEO	75.67317142894998
5	HEO	20.210135008539464
5	BTTHMO	65.9208736034699
5	STSS	20.824075831967747
5	AMA	0
5	SIMO	66.94981935252952
5	SHMO	71.62772905839604
5	MD	59.939223398229046
6	FBDOS	1.7988363866776549
6	KITMO	98.25857366030492
6	KKPYO	17.094670269726844
6	ISTO	52.413252427617444
6	ISCO	9.513048956979853
6	OGK	78.01286714194502
6	IMO	61.99800852783885
6	KBDTM	12937.934611117324
6	OUGGHO	51.420778618141135
6	TIKBEHO	51.20869635882069
6	BOH	10.70031967414086
6	DBYSY	77.7359509824524
6	HBDMS	1670.3001675266944
6	SMO	41.678927697357835
6	KSHMO	48.85214919591259
6	ONEYNOO	33.12790593753965
6	TEOG	332.01723764297486
6	YGS	169.41752238061326
6	FYMO	14.24457238307515
6	KEHMO	84.69068012070352
6	PM10	31.834203915960643
6	OA	12.859319753746075
6	AHVNO	72.39698167972415
6	SGGPYO	41.318176732265165
6	BTHMO	46.455797954791784
6	CO	12.704458749897704
6	OYTKS	1.9918623064951695
6	GYYKGHO	49.06829072927105
6	KAHMO	55.94617484487398
6	MISKO	92.60134365370045
6	SPYO	26.088035512815257
6	SDO	8.855068097419071
6	IAS	13.977256409442413
6	KESEO	92.98593017233975
6	HEO	1785.9255871154967
6	BTTHMO	58.03000640060682
6	STSS	59.10749417904958
6	AMA	356.7269953140148
6	SIMO	48.748936668332014
6	SHMO	63.23604528860666
6	MD	42.49621202792427
7	FBDOS	1.2275216036112326
7	KITMO	127.21088297509843
7	KKPYO	10.267168322670969
7	ISTO	56.29761427805966
7	ISCO	4.285702527918924
7	OGK	82.44496222185853
7	IMO	59.60399377942693
7	KBDTM	9464.294347655541
7	OUGGHO	47.91456181171525
7	TIKBEHO	58.93498726729226
7	BOH	11.269727141337345
7	DBYSY	79.13234885290208
7	HBDMS	4643.800021399335
7	SMO	110.12468678422877
7	KSHMO	61.4143023275353
7	ONEYNOO	21.775725813238566
7	TEOG	433.71406269471754
7	YGS	174.0781616976841
7	FYMO	16.43798136689842
7	KEHMO	105.72898765598856
7	PM10	44.17006194720662
7	OA	63.725314879053165
7	AHVNO	127.47464283080943
7	SGGPYO	36.90926850540845
7	BTHMO	109.60554069559905
7	CO	22.31504010137575
7	OYTKS	1.9031486912435087
7	GYYKGHO	59.68073633936792
7	KAHMO	95.98878240423957
7	MISKO	120.47571183975111
7	SPYO	24.677408003853397
7	SDO	3.156186182241569
7	IAS	16.18308335495928
7	KESEO	96.19135281237841
7	HEO	2975.3904309688874
7	BTTHMO	54.72181337280741
7	STSS	81.24322363541769
7	AMA	92.43102777557533
7	SIMO	46.9369092853545
7	SHMO	41.25279098972236
7	MD	47.82813917492562
8	FBDOS	1.582369265456111
8	KITMO	47.12920801143132
8	KKPYO	25.115788679617324
8	ISTO	56.220349725065645
8	ISCO	2.452818639491018
8	OGK	78.27158341456605
8	IMO	32.525979579870054
8	KBDTM	2828.2852999595693
8	OUGGHO	46.73973001705646
8	TIKBEHO	47.029590470789685
8	BOH	6.4882838715823565
8	DBYSY	85.69075619843706
8	HBDMS	6708.751902460675
8	SMO	84.91108578750604
8	KSHMO	78.19070147012643
8	ONEYNOO	35.43659484601373
8	TEOG	279.82018626211334
8	YGS	140.61804676791272
8	FYMO	10.997653712578462
8	KEHMO	127.98228682813016
8	PM10	20.02858427329627
8	OA	33.08941143865607
8	AHVNO	86.37112234359083
8	SGGPYO	4.080627079787304
8	BTHMO	65.61437820770807
8	CO	18.12084390768284
8	OYTKS	2.1262758480238837
8	GYYKGHO	93.01707767866573
8	KAHMO	114.92118852081956
8	MISKO	69.3219258483813
8	SPYO	39.39589464351085
8	SDO	17.693165074664122
8	IAS	14.009421448822721
8	KESEO	111.77744370430639
8	HEO	0
8	BTTHMO	60.64145125360101
8	STSS	25.07935794380262
8	AMA	20.57828624592966
8	SIMO	86.87992921136544
8	SHMO	59.75356536390026
8	MD	74.49809974207346
9	FBDOS	1.416368856597429
9	KITMO	74.17342758955463
9	KKPYO	18.336982643909163
9	ISTO	46.9939380839529
9	ISCO	5.191369348849944
9	OGK	67.04454470696233
9	IMO	110.4533516769904
9	KBDTM	2252.7124689732273
9	OUGGHO	35.10191832713016
9	TIKBEHO	47.62239542521873
9	BOH	11.957877011114368
9	DBYSY	40.573749807711884
9	HBDMS	4240.169568706873
9	SMO	50.79812143914667
9	KSHMO	94.00925485584415
9	ONEYNOO	47.469126930501446
9	TEOG	216.4082500793105
9	YGS	262.2534923467686
9	FYMO	13.865337886958796
9	KEHMO	43.93149535960089
9	PM10	41.61312852023266
9	OA	41.061527428401135
9	AHVNO	98.12138978452914
9	SGGPYO	19.06735158439165
9	BTHMO	90.5517181990239
9	CO	39.5324697930031
9	OYTKS	2.9155001870134334
9	GYYKGHO	35.1688048280898
9	KAHMO	81.87407491596997
9	MISKO	81.8760381981383
9	SPYO	23.033760543705732
9	SDO	3.254580656253651
9	IAS	14.310030577564675
9	KESEO	74.95499368192337
9	HEO	609.1395685439568
9	BTTHMO	93.06778996078852
9	STSS	58.422999661765246
9	AMA	176.53417097373
9	SIMO	40.45052187460597
9	SHMO	30.724508750971253
9	MD	24.90678541189292
10	FBDOS	1.822852748433902
10	KITMO	67.9081316260699
10	KKPYO	15.092233707640657
10	ISTO	35.429794561221
10	ISCO	6.213411661194696
10	OGK	63.908938855491805
10	IMO	76.62415879443644
10	KBDTM	5398.626507343687
10	OUGGHO	15.389086305447977
10	TIKBEHO	37.91381912152929
10	BOH	9.139680097884328
10	DBYSY	72.0087220425862
10	HBDMS	9431.76390267594
10	SMO	68.335116704772
10	KSHMO	111.8221608117373
10	ONEYNOO	34.72729731623438
10	TEOG	245.53729733012537
10	YGS	194.09040502031226
10	FYMO	9.893544281897094
10	KEHMO	39.40149520391692
10	PM10	44.52630339537932
10	OA	54.49922185691954
10	AHVNO	67.25975037600166
10	SGGPYO	10.513145639469766
10	BTHMO	66.43744571244537
10	CO	29.38709324560719
10	OYTKS	2.7751986576635574
10	GYYKGHO	99.18158172664675
10	KAHMO	124.89686198366249
10	MISKO	99.67861318806722
10	SPYO	17.783479840788914
10	SDO	2.4518854607922846
10	IAS	9.135476898856457
10	KESEO	91.7385509623767
10	HEO	33.60672438550167
10	BTTHMO	51.80334295187856
10	STSS	42.81106920820618
10	AMA	59.91530407950393
10	SIMO	86.62335803659451
10	SHMO	71.32493126687824
10	MD	49.97698172184277
11	FBDOS	1.4923419408518166
11	KITMO	119.30112667255254
11	KKPYO	15.499552861938916
11	ISTO	45.16896859555229
11	ISCO	5.70194544102099
11	OGK	82.0875902260592
11	IMO	52.181154915304504
11	KBDTM	666.119650898489
11	OUGGHO	50.31166577929671
11	TIKBEHO	38.61154105343605
11	BOH	11.027177184065426
11	DBYSY	119.55184650033462
11	HBDMS	4446.366648694212
11	SMO	85.9942664907589
11	KSHMO	67.92444129676977
11	ONEYNOO	55.57105014398348
11	TEOG	427.84807649612617
11	YGS	116.63026842204975
11	FYMO	7.458282549621484
11	KEHMO	55.44768282950763
11	PM10	65.03911680764685
11	OA	50.17084683197605
11	AHVNO	52.406821213245365
11	SGGPYO	14.135575641878061
11	BTHMO	72.67290621201886
11	CO	12.262292869253582
11	OYTKS	5.0852473262895845
11	GYYKGHO	92.85987717540063
11	KAHMO	79.35676893817644
11	MISKO	115.05252186295168
11	SPYO	17.648001698215523
11	SDO	5.521750804372845
11	IAS	16.05997179344923
11	KESEO	63.70777400926268
11	HEO	16.832526571042713
11	BTTHMO	60.99221669477837
11	STSS	15.472507043577926
11	AMA	113.50701199303086
11	SIMO	44.72130727666837
11	SHMO	45.96178690512396
11	MD	83.85126005198296
12	FBDOS	0.7815313960850485
12	KITMO	118.70356245057323
12	KKPYO	37.37132356645169
12	ISTO	54.62468377141028
12	ISCO	7.641073176951601
12	OGK	34.132539407777955
12	IMO	46.20543482610678
12	KBDTM	1687.7954514677597
12	OUGGHO	43.0810270937624
12	TIKBEHO	70.62940607229011
12	BOH	15.701961179993663
12	DBYSY	98.70493348815239
12	HBDMS	4618.799973857905
12	SMO	56.65690044167866
12	KSHMO	78.7054257144877
12	ONEYNOO	39.859206900231925
12	TEOG	317.69537004947404
12	YGS	192.37137009504096
12	FYMO	11.840817178770703
12	KEHMO	97.79239785727313
12	PM10	26.895360095638733
12	OA	34.84583450027019
12	AHVNO	72.73869370584359
12	SGGPYO	21.21167550187486
12	BTHMO	46.36662079127135
12	CO	12.364560342164802
12	OYTKS	1.2764885444277296
12	GYYKGHO	82.82414776102519
12	KAHMO	55.309623609714606
12	MISKO	54.393811805550385
12	SPYO	45.3944731508909
12	SDO	7.667928220799947
12	IAS	4.470891973177194
12	KESEO	65.75047862712317
12	HEO	127.71161178524257
12	BTTHMO	26.351367826215842
12	STSS	28.059147106910768
12	AMA	0
12	SIMO	103.19212443557005
12	SHMO	31.80685672543797
12	MD	95.79324018950278
13	FBDOS	0.9683294256500513
13	KITMO	71.92382775458667
13	KKPYO	45.98902207471024
13	ISTO	27.331856252236722
13	ISCO	14.722824051297133
13	OGK	62.35373142379391
13	IMO	117.48498435916488
13	KBDTM	852.5979049193843
13	OUGGHO	33.450784144693166
13	TIKBEHO	76.66072621152395
13	BOH	10.862614638620745
13	DBYSY	55.36022572111638
13	HBDMS	2424.191617261633
13	SMO	35.92029033855485
13	KSHMO	86.73913504893082
13	ONEYNOO	30.513190200136993
13	TEOG	216.0424259219354
13	YGS	128.54061540411672
13	FYMO	5.495550318258508
13	KEHMO	39.76234176617271
13	PM10	59.63300340424084
13	OA	24.48897501179065
13	AHVNO	36.810470144812676
13	SGGPYO	13.740238644117717
13	BTHMO	51.7022183793987
13	CO	31.39325409265603
13	OYTKS	1.2425863943854565
13	GYYKGHO	69.37876930964481
13	KAHMO	84.70440950383073
13	MISKO	88.42833716457916
13	SPYO	25.299532531031424
13	SDO	8.8675767359611
13	IAS	2.2784468495829646
13	KESEO	66.80064709488356
13	HEO	37.97488661162187
13	BTTHMO	54.275386368857426
13	STSS	11.423806611724935
13	AMA	19.177147377173863
13	SIMO	146.2177568523041
13	SHMO	62.484360661568275
13	MD	30.948049073593427
14	FBDOS	1.7689481752207687
14	KITMO	136.06765811163515
14	KKPYO	12.72498613102605
14	ISTO	64.36667154869652
14	ISCO	6.446532996535961
14	OGK	73.87381939099136
14	IMO	110.41026533488254
14	KBDTM	5151.514412179191
14	OUGGHO	50.58591815066162
14	TIKBEHO	33.336842657203775
14	BOH	5.3536134440638685
14	DBYSY	104.7854845493747
14	HBDMS	3197.785350535124
14	SMO	82.35630531592099
14	KSHMO	74.69454257603967
14	ONEYNOO	44.62047969744174
14	TEOG	243.40492677517796
14	YGS	145.72155471237073
14	FYMO	12.03051880727399
14	KEHMO	78.89835900463692
14	PM10	109.05720788289518
14	OA	64.17590189775218
14	AHVNO	72.83799909356553
14	SGGPYO	11.980993069432046
14	BTHMO	120.48651351539993
14	CO	20.50357453664052
14	OYTKS	1.4848413369581772
14	GYYKGHO	76.00675954195601
14	KAHMO	89.28200019605534
14	MISKO	57.71461338678834
14	SPYO	14.211205462275352
14	SDO	1.334251530803741
14	IAS	11.539832902035293
14	KESEO	56.306806300594886
14	HEO	0
14	BTTHMO	71.95695276637372
14	STSS	64.46706211750755
14	AMA	228.20241029817953
14	SIMO	120.52786546779583
14	SHMO	70.17096781239493
14	MD	130.92914080283032
15	FBDOS	2.502058233207686
15	KITMO	106.63238251441419
15	KKPYO	10.638748892297638
15	ISTO	73.34262235218344
15	ISCO	6.627610341576478
15	OGK	39.61694904171332
15	IMO	73.40621671152829
15	KBDTM	3815.4817929822166
15	OUGGHO	38.00820792169242
15	TIKBEHO	49.17421041555509
15	BOH	18.468542549321167
15	DBYSY	68.57413080388511
15	HBDMS	8525.970626195627
15	SMO	44.15620394690907
15	KSHMO	79.94060773715142
15	ONEYNOO	51.269886425030144
15	TEOG	387.4992028580772
15	YGS	178.33963644304458
15	FYMO	5.386324351346433
15	KEHMO	64.56847491979701
15	PM10	40.24903836738806
15	OA	50.51431772468368
15	AHVNO	87.79423187076111
15	SGGPYO	7.096684192434493
15	BTHMO	86.23166851165557
15	CO	26.966462705380167
15	OYTKS	2.0791734879195602
15	GYYKGHO	89.34253204203647
15	KAHMO	71.01020749522993
15	MISKO	85.04177371123586
15	SPYO	18.30660994212284
15	SDO	4.848207870870359
15	IAS	7.924261044203284
15	KESEO	60.62669746693935
15	HEO	20.15407989617252
15	BTTHMO	55.52056597165824
15	STSS	14.845129652278334
15	AMA	0
15	SIMO	106.2492402468327
15	SHMO	68.43658328270674
15	MD	54.858727122536024
16	FBDOS	0.945334374871901
16	KITMO	82.24682096984556
16	KKPYO	24.301898663032723
16	ISTO	61.90662481435133
16	ISCO	4.603586182225545
16	OGK	56.108370287695294
16	IMO	109.97166541880496
16	KBDTM	943.1879656312321
16	OUGGHO	38.70183487748079
16	TIKBEHO	47.173190908169204
16	BOH	4.881751375445696
16	DBYSY	82.22004161033365
16	HBDMS	4812.231760657173
16	SMO	46.55597216500952
16	KSHMO	54.28832634298995
16	ONEYNOO	22.228366930607024
16	TEOG	377.4939298620582
16	YGS	161.0428948706482
16	FYMO	14.321165529342741
16	KEHMO	87.55412127104366
16	PM10	88.39157665708304
16	OA	41.869592977838984
16	AHVNO	177.3512906384716
16	SGGPYO	25.840097359077827
16	BTHMO	43.383893409892224
16	CO	12.622965894607795
16	OYTKS	2.879312762935723
16	GYYKGHO	49.34813902362258
16	KAHMO	67.44625150497643
16	MISKO	68.27035846240483
16	SPYO	16.82575065026872
16	SDO	6.174314093328164
16	IAS	19.21319003704069
16	KESEO	144.03377102801414
16	HEO	13.375099970087463
16	BTTHMO	44.18244816451798
16	STSS	112.44108960035165
16	AMA	109.97825145216939
16	SIMO	118.94019992914613
16	SHMO	83.85946530591313
16	MD	53.449131953557014
17	FBDOS	1.574532373535314
17	KITMO	40.456567123903916
17	KKPYO	14.873283006033738
17	ISTO	29.230454968173788
17	ISCO	5.625072530818429
17	OGK	72.23522566205381
17	IMO	94.68710809383379
17	KBDTM	6868.734688991297
17	OUGGHO	30.241383421576668
17	TIKBEHO	56.19986450052324
17	BOH	8.271653602343905
17	DBYSY	88.71425298664917
17	HBDMS	5366.02917769978
17	SMO	68.409756544614993
17	KSHMO	78.64056351696311
17	ONEYNOO	62.857165197437865
17	TEOG	182.2932219856123
17	YGS	197.5496347541994
17	FYMO	13.450827191125178
17	KEHMO	95.30844820113131
17	PM10	30.05895651861842
17	OA	61.070266999996726
17	AHVNO	77.19693422192172
17	SGGPYO	14.095817512884716
17	BTHMO	21.583261120113583
17	CO	16.973463152830707
17	OYTKS	2.5898506335176634
17	GYYKGHO	24.824010330637478
17	KAHMO	104.53124150183983
17	MISKO	70.3614392428473
17	SPYO	19.877617277780292
17	SDO	6.96497817983211
17	IAS	17.532991853031305
17	KESEO	43.44480987504101
17	HEO	835.5568402540332
17	BTTHMO	53.24686274740345
17	STSS	49.48191521625797
17	AMA	94.0892009327104
17	SIMO	115.71758554191757
17	SHMO	44.7263055475464
17	MD	15.08574825117632
18	FBDOS	1.5356273591639777
18	KITMO	25.546608233389577
18	KKPYO	17.587077753622122
18	ISTO	29.63324521957148
18	ISCO	7.347765924750063
18	OGK	74.74331119500641
18	IMO	57.628021402056554
18	KBDTM	1938.4832833285025
18	OUGGHO	55.57374621769297
18	TIKBEHO	58.749931656781285
18	BOH	11.515024063399853
18	DBYSY	52.767261202172506
18	HBDMS	4890.677522151472
18	SMO	84.35548516759621
18	KSHMO	70.10363610448435
18	ONEYNOO	14.895829402421636
18	TEOG	477.2279395150264
18	YGS	241.71351951877543
18	FYMO	16.2890291082722
18	KEHMO	26.178818246107156
18	PM10	25.627055657625807
18	OA	36.95437510165446
18	AHVNO	52.93491231602076
18	SGGPYO	6.887314185046677
18	BTHMO	56.55741875335794
18	CO	8.398149598461233
18	OYTKS	3.44040934764924
18	GYYKGHO	71.34376458872286
18	KAHMO	131.17806814759177
18	MISKO	98.91532094810957
18	SPYO	18.68750008602773
18	SDO	9.018384836222717
18	IAS	10.71809045410819
18	KESEO	67.66065195929357
18	HEO	7.828243745988665
18	BTTHMO	85.48940319488327
18	STSS	39.6370320490581
18	AMA	102.08033238699652
18	SIMO	80.31521063234078
18	SHMO	35.79515536844493
18	MD	81.81464592637437
19	FBDOS	1.171049998541921
19	KITMO	136.49294955601195
19	KKPYO	33.26865882034821
19	ISTO	55.64734221536445
19	ISCO	5.845291707577049
19	OGK	39.939898888594
19	IMO	52.28354623424197
19	KBDTM	2782.737780930359
19	OUGGHO	36.924738446586524
19	TIKBEHO	50.499771423940786
19	BOH	11.054600248750916
19	DBYSY	56.942321911850996
19	HBDMS	5472.184481025246
19	SMO	72.577900930788
19	KSHMO	139.61205795658702
19	ONEYNOO	48.203494391894814
19	TEOG	372.17780450925716
19	YGS	294.281558574987
19	FYMO	5.226850642656394
19	KEHMO	50.29977333501091
19	PM10	39.27480584807076
19	OA	36.10566019052153
19	AHVNO	49.06868399766459
19	SGGPYO	8.401421799634058
19	BTHMO	50.66080742835994
19	CO	22.254937409904986
19	OYTKS	3.1768079020338216
19	GYYKGHO	62.154596927010594
19	KAHMO	110.92784386355441
19	MISKO	90.11205670719102
19	SPYO	38.22185212141132
19	SDO	5.074160583310954
19	IAS	3.620325141038489
19	KESEO	77.70428639469002
19	HEO	23.724651586050644
19	BTTHMO	54.903037294934805
19	STSS	31.55058057990191
19	AMA	0
19	SIMO	103.74330734448041
19	SHMO	32.7684496774666
19	MD	48.50211263104093
20	FBDOS	1.0375516800244617
20	KITMO	101.8099178084938
20	KKPYO	11.707709585833683
20	ISTO	56.20057227932363
20	ISCO	10.006962680889556
20	OGK	42.05316967481434
20	IMO	77.87237906152534
20	KBDTM	8786.129642863236
20	OUGGHO	40.31106550329012
20	TIKBEHO	45.888040719901824
20	BOH	5.871558443150877
20	DBYSY	103.27667880368035
20	HBDMS	4164.377102253864
20	SMO	94.40218587846618
20	KSHMO	124.16195878314807
20	ONEYNOO	45.869856111661576
20	TEOG	238.01697674039735
20	YGS	227.5234123903234
20	FYMO	14.673278392449037
20	KEHMO	62.73374315147121
20	PM10	52.808607916721655
20	OA	32.49190922934931
20	AHVNO	105.79106234167931
20	SGGPYO	12.288701376432615
20	BTHMO	47.12143251921966
20	CO	22.847910567258463
20	OYTKS	3.8042044607670564
20	GYYKGHO	69.00121664503828
20	KAHMO	105.67805023899098
20	MISKO	65.87463750588748
20	SPYO	18.136855155528764
20	SDO	4.4412405231352805
20	IAS	12.182441197411823
20	KESEO	68.63265602074844
20	HEO	51.823616954147795
20	BTTHMO	58.33682383223039
20	STSS	57.945837102148005
20	AMA	150.9037995024343
20	SIMO	94.67916427919582
20	SHMO	32.13952818107407
20	MD	62.12170308656875
21	FBDOS	0.7713136678121387
21	KITMO	112.40991533422151
21	KKPYO	29.335157036872168
21	ISTO	11.750912683919111
21	ISCO	14.894247881834499
21	OGK	86.00754723421575
21	IMO	64.89423474251934
21	KBDTM	1323.4610938760864
21	OUGGHO	16.68339238055725
21	TIKBEHO	50.01778561890779
21	BOH	15.945665831895921
21	DBYSY	66.13610337600045
21	HBDMS	875.3284055180184
21	SMO	74.8046455319389
21	KSHMO	66.37905918079966
21	ONEYNOO	17.746966237748445
21	TEOG	307.3293653273955
21	YGS	173.52878690686657
21	FYMO	10.70281727752287
21	KEHMO	63.610112773874334
21	PM10	77.01729996119343
21	OA	27.859941162029536
21	AHVNO	130.95241502745657
21	SGGPYO	24.085470950390484
21	BTHMO	40.37260740293889
21	CO	39.26774528463477
21	OYTKS	1.8865153119640423
21	GYYKGHO	48.39773143935018
21	KAHMO	60.18560959909835
21	MISKO	84.67505656885092
21	SPYO	12.53074199093194
21	SDO	4.5390643231169365
21	IAS	2.9663153405537543
21	KESEO	117.9319872227249
21	HEO	5020.745170035975
21	BTTHMO	64.65498141939193
21	STSS	27.766253161043167
21	AMA	193.9673190342345
21	SIMO	76.25484451556419
21	SHMO	27.27799001855699
21	MD	69.44691126469539
22	FBDOS	1.3905733358106447
22	KITMO	82.73235075987522
22	KKPYO	8.30922090073798
22	ISTO	34.333859575856486
22	ISCO	9.270584418841864
22	OGK	52.90214758504002
22	IMO	80.21420202140604
22	KBDTM	3792.0743313692888
22	OUGGHO	62.584711384678656
22	TIKBEHO	52.502520887836994
22	BOH	3.8377768659826272
22	DBYSY	38.25055889024883
22	HBDMS	5100.5889157114425
22	SMO	91.29216556542461
22	KSHMO	112.3731882581229
22	ONEYNOO	30.818733403439516
22	TEOG	485.4870852274813
22	YGS	257.04878518528807
22	FYMO	8.49864111475799
22	KEHMO	91.60932932123733
22	PM10	72.2370497932395
22	OA	9.920582640666801
22	AHVNO	105.58773984286374
22	SGGPYO	12.364317864539384
22	BTHMO	60.95879576724606
22	CO	35.09238377581859
22	OYTKS	2.127749205001817
22	GYYKGHO	89.0566918265271
22	KAHMO	49.88775481030674
22	MISKO	105.8893757904023
22	SPYO	23.082634588671144
22	SDO	6.358123008445503
22	IAS	13.047260137940588
22	KESEO	103.67159953406164
22	HEO	0
22	BTTHMO	26.208425737140182
22	STSS	59.89743908118781
22	AMA	138.5402959592479
22	SIMO	100.75071521442362
22	SHMO	74.23547562252712
22	MD	59.27330357867992
23	FBDOS	1.893260510935328
23	KITMO	30.072353249444348
23	KKPYO	18.60551837123827
23	ISTO	66.93574108941223
23	ISCO	5.974759361319269
23	OGK	81.5876801776597
23	IMO	33.853513134099565
23	KBDTM	4244.717969206907
23	OUGGHO	12.746670212564222
23	TIKBEHO	68.08677916561442
23	BOH	11.663891054000072
23	DBYSY	98.53590580158351
23	HBDMS	2838.639215061791
23	SMO	56.335265589139034
23	KSHMO	77.90269484623894
23	ONEYNOO	37.32531824335979
23	TEOG	274.1762366646039
23	YGS	259.57499285010715
23	FYMO	6.452216270554363
23	KEHMO	102.13072909071086
23	PM10	40.78843826672448
23	OA	19.61897086136997
23	AHVNO	88.19426420219253
23	SGGPYO	16.539706900746506
23	BTHMO	48.10565721210712
23	CO	25.879664039901005
23	OYTKS	3.7307704674117543
23	GYYKGHO	80.83292180261704
23	KAHMO	47.16110815852416
23	MISKO	85.83561004267803
23	SPYO	15.445605912066064
23	SDO	5.291438557343042
23	IAS	9.366257791393737
23	KESEO	62.2926312673152
23	HEO	825.387424579885
23	BTTHMO	60.566812167226026
23	STSS	28.467857452875613
23	AMA	78.69853069496743
23	SIMO	130.96843328814543
23	SHMO	50.798423730206615
23	MD	77.6723756495169
24	FBDOS	1.2114570813167003
24	KITMO	56.787197265083506
24	KKPYO	21.39303398080604
24	ISTO	16.721222927033146
24	ISCO	6.5546421057474635
24	OGK	52.53250917884168
24	IMO	92.84979852284272
24	KBDTM	3610.9384452676945
24	OUGGHO	29.21298354554502
24	TIKBEHO	66.04303016536562
24	BOH	7.688145808409718
24	DBYSY	51.83350760700229
24	HBDMS	1905.1924266238889
24	SMO	71.93214476553163
24	KSHMO	98.36145431431605
24	ONEYNOO	67.23593387364576
24	TEOG	235.87779757415493
24	YGS	216.64023033166566
24	FYMO	20.01109803163122
24	KEHMO	37.17385740163707
24	PM10	39.61206387811473
24	OA	16.52647475135896
24	AHVNO	74.00077951110951
24	SGGPYO	4.66470624445024
24	BTHMO	69.06090163081997
24	CO	3.3139264740813736
24	OYTKS	3.1001717553163393
24	GYYKGHO	66.56303203677517
24	KAHMO	60.452019508304815
24	MISKO	74.85111644630123
24	SPYO	21.715008389693992
24	SDO	7.515848231416185
24	IAS	8.819416666555178
24	KESEO	44.810601798915684
24	HEO	331.0634493514846
24	BTTHMO	85.12875978380407
24	STSS	9.522628281955708
24	AMA	36.91890982669761
24	SIMO	89.7941526647243
24	SHMO	76.48524515537645
24	MD	93.55690014470673
25	FBDOS	0.4201608489654419
25	KITMO	42.21923600467037
25	KKPYO	42.49305190171465
25	ISTO	55.28472805024795
25	ISCO	6.115586838327316
25	OGK	45.83184738080008
25	IMO	53.74777012420108
25	KBDTM	1475.1288065361316
25	OUGGHO	20.038122923506776
25	TIKBEHO	19.812788260093825
25	BOH	12.866303902454742
25	DBYSY	146.29466758784065
25	HBDMS	3244.882470536227
25	SMO	107.16242506819877
25	KSHMO	78.99610725014824
25	ONEYNOO	27.196553521057087
25	TEOG	402.3160559157864
25	YGS	239.11742087793382
25	FYMO	14.35980476679082
25	KEHMO	68.2234470890066
25	PM10	32.377875979416686
25	OA	6.033758772989069
25	AHVNO	46.81991219808284
25	SGGPYO	11.074911670039938
25	BTHMO	78.1417965111151
25	CO	24.596678710608654
25	OYTKS	1.7433957910882139
25	GYYKGHO	37.72831465117636
25	KAHMO	81.3870535718073
25	MISKO	47.96339562312951
25	SPYO	15.289942415187152
25	SDO	6.249694467214142
25	IAS	10.421490171349703
25	KESEO	88.43006020774973
25	HEO	564.3772770636357
25	BTTHMO	68.66526788369877
25	STSS	73.61954906315451
25	AMA	63.179787931238664
25	SIMO	46.40118479429013
25	SHMO	118.0865969712423
25	MD	52.42212436914691
26	FBDOS	1.3550154075415826
26	KITMO	108.27119622705811
26	KKPYO	13.5403826271435
26	ISTO	47.292099497455894
26	ISCO	16.140853255101092
26	OGK	72.44035542684425
26	IMO	132.00924386339312
26	KBDTM	6062.0819159391795
26	OUGGHO	41.47394939436151
26	TIKBEHO	65.00306372163692
26	BOH	9.742009958140496
26	DBYSY	90.23793171753495
26	HBDMS	5264.889380169363
26	SMO	106.72670577697642
26	KSHMO	64.11336499294433
26	ONEYNOO	34.549287808446906
26	TEOG	288.5707320295122
26	YGS	193.71314849065882
26	FYMO	21.75421930417077
26	KEHMO	64.00704583834998
26	PM10	14.621805236029648
26	OA	20.25331029190439
26	AHVNO	77.5834426012543
26	SGGPYO	33.260980754846074
26	BTHMO	89.75293933512728
26	CO	16.84558281994015
26	OYTKS	2.108550362598679
26	GYYKGHO	56.8484863391095
26	KAHMO	89.50658771345495
26	MISKO	39.366587005508606
26	SPYO	24.804943013501692
26	SDO	8.982050039961429
26	IAS	20.30392335731461
26	KESEO	165.1856325106657
26	HEO	4.494606267244333
26	BTTHMO	60.99837411811673
26	STSS	102.65767461596354
26	AMA	140.44895676153354
26	SIMO	72.03185159700601
26	SHMO	28.23904135523905
26	MD	76.16713441697645
27	FBDOS	0.6878653502721312
27	KITMO	80.4369439282562
27	KKPYO	26.832596123871447
27	ISTO	34.62347845409807
27	ISCO	6.740381829601776
27	OGK	59.38393687051239
27	IMO	76.94644116829112
27	KBDTM	2287.506815379368
27	OUGGHO	41.81753872024573
27	TIKBEHO	62.01039957787026
27	BOH	14.82288795822821
27	DBYSY	111.78166282072073
27	HBDMS	6042.9249122809215
27	SMO	73.88217727809057
27	KSHMO	67.14758726052119
27	ONEYNOO	23.427837448280386
27	TEOG	132.84117695429907
27	YGS	342.9809142299871
27	FYMO	8.44614091272036
27	KEHMO	65.6933094444082
27	PM10	32.57624418605272
27	OA	8.417213550335749
27	AHVNO	91.26229742311378
27	SGGPYO	27.291706806381313
27	BTHMO	91.22557718902631
27	CO	42.45452391303674
27	OYTKS	1.7974521748499517
27	GYYKGHO	36.344507475709236
27	KAHMO	49.096104821808694
27	MISKO	146.6019108530196
27	SPYO	8.175748439026002
27	SDO	3.8647534412260494
27	IAS	3.292500480194769
27	KESEO	105.33351991349463
27	HEO	1248.4352667821706
27	BTTHMO	92.66412084388662
27	STSS	87.5336166213707
27	AMA	108.61761298870677
27	SIMO	77.24529844481819
27	SHMO	95.69981418906983
27	MD	31.623334507054818
28	FBDOS	1.8162345495686285
28	KITMO	99.6510865968283
28	KKPYO	23.12114961189903
28	ISTO	43.34284010233935
28	ISCO	9.72617467479876
28	OGK	61.46226446048559
28	IMO	41.30949234855021
28	KBDTM	3980.2986536947456
28	OUGGHO	30.10496228264745
28	TIKBEHO	60.70969057159357
28	BOH	12.183239102738623
28	DBYSY	113.03645623574394
28	HBDMS	7861.929816047067
28	SMO	50.662767879278604
28	KSHMO	96.51267469009754
28	ONEYNOO	45.07179491068569
28	TEOG	261.6656270711082
28	YGS	183.66049053929248
28	FYMO	12.443664076949647
28	KEHMO	119.64289075609364
28	PM10	45.82334838451514
28	OA	44.443838061845625
28	AHVNO	58.31464578397754
28	SGGPYO	11.685164802661813
28	BTHMO	59.14785712956352
28	CO	34.62457820846709
28	OYTKS	3.3045146893669286
28	GYYKGHO	58.15022258711546
28	KAHMO	93.43960139633525
28	MISKO	38.6852242731125
28	SPYO	18.50530818576141
28	SDO	7.911649432779607
28	IAS	9.00267652190897
28	KESEO	73.4082672277671
28	HEO	50.37570664912169
28	BTTHMO	76.43200034986
28	STSS	11.587570636920148
28	AMA	24.99075566846089
28	SIMO	78.9111568074508
28	SHMO	60.501853428130374
28	MD	90.53739370283469
29	FBDOS	1.329427720116652
29	KITMO	104.09906877952892
29	KKPYO	17.896867192183144
29	ISTO	13.693245416245915
29	ISCO	4.8971069299266485
29	OGK	93.57961539752264
29	IMO	94.65712474552618
29	KBDTM	2554.870595284472
29	OUGGHO	25.63977947525158
29	TIKBEHO	47.57488706012758
29	BOH	9.696882972252144
29	DBYSY	76.36953735744459
29	HBDMS	4958.061334263067
29	SMO	96.02043868038666
29	KSHMO	78.51096041314467
29	ONEYNOO	19.771273048358985
29	TEOG	360.83470332106134
29	YGS	60.61905709811492
29	FYMO	12.706553357135407
29	KEHMO	66.82298958524967
29	PM10	63.95112396972488
29	OA	25.81978868003283
29	AHVNO	89.11499564666369
29	SGGPYO	11.934919944279612
29	BTHMO	37.47513077140141
29	CO	4.825648469262783
29	OYTKS	3.797998370971696
29	GYYKGHO	64.47403564917144
29	KAHMO	121.08900417151433
29	MISKO	82.91462477774598
29	SPYO	23.051576761494253
29	SDO	9.18668035004222
29	IAS	4.7195954444651536
29	KESEO	75.25772110903591
29	HEO	291.97773016835777
29	BTTHMO	50.747338233534016
29	STSS	1.2743155477579062
29	AMA	0
29	SIMO	96.54026351359785
29	SHMO	64.86868966837363
29	MD	85.43092504538637
30	FBDOS	1.0066556572308778
30	KITMO	100.57819761916538
30	KKPYO	58.52531316084108
30	ISTO	38.08138043690915
30	ISCO	14.237911505399696
30	OGK	29.629590230922236
30	IMO	64.76803988866044
30	KBDTM	642.7909466264962
30	OUGGHO	24.24753921299552
30	TIKBEHO	63.934875778060444
30	BOH	14.129215519817283
30	DBYSY	78.34523328288297
30	HBDMS	5880.299380960424
30	SMO	77.05608131256496
30	KSHMO	59.67462303357805
30	ONEYNOO	28.90839675037841
30	TEOG	226.1586764409798
30	YGS	131.71152355497395
30	FYMO	11.054525647405214
30	KEHMO	53.36518977330884
30	PM10	101.68143433526944
30	OA	16.72365365143506
30	AHVNO	25.786096185817044
30	SGGPYO	19.101752862985336
30	BTHMO	33.42684112274819
30	CO	39.61813702971999
30	OYTKS	0.425354799336048
30	GYYKGHO	22.762265853922763
30	KAHMO	48.90929632610534
30	MISKO	91.37251130890691
30	SPYO	9.342276833560986
30	SDO	4.745998379762715
30	IAS	2.1928424540129017
30	KESEO	39.406369195889766
30	HEO	2.1198651325690747
30	BTTHMO	12.497333285926558
30	STSS	0.39011544628701955
30	AMA	0
30	SIMO	94.57593675768214
30	SHMO	92.97742202349349
30	MD	56.36247488745676
31	FBDOS	1.505785673645506
31	KITMO	50.321866996871144
31	KKPYO	28.667590802288004
31	ISTO	41.8559646154855
31	ISCO	10.75421879465277
31	OGK	61.12335269862683
31	IMO	52.058551655226054
31	KBDTM	1756.3998545525078
31	OUGGHO	32.955080367450755
31	TIKBEHO	46.92110682248327
31	BOH	10.098082928100562
31	DBYSY	84.5181009736548
31	HBDMS	6129.236207852651
31	SMO	47.037397743216985
31	KSHMO	82.13245003391931
31	ONEYNOO	39.596850268919916
31	TEOG	188.0351078510343
31	YGS	256.66609838931
31	FYMO	9.902570026497992
31	KEHMO	75.53796074842126
31	PM10	89.60216265502643
31	OA	29.559770046125323
31	AHVNO	40.31437207944085
31	SGGPYO	14.25207990085368
31	BTHMO	56.15161542428846
31	CO	35.812247818377855
31	OYTKS	4.175352268182023
31	GYYKGHO	48.9108787443032
31	KAHMO	102.69630498252096
31	MISKO	70.70725203261996
31	SPYO	23.715943783627353
31	SDO	3.8259094221112164
31	IAS	6.424755874595912
31	KESEO	93.61318310107794
31	HEO	276.18371612347624
31	BTTHMO	72.01319304910967
31	STSS	52.53042703499994
31	AMA	78.72504827886306
31	SIMO	107.7080413325526
31	SHMO	42.534278153378125
31	MD	55.53809898668177
32	FBDOS	1.3378539234105955
32	KITMO	91.72730701321673
32	KKPYO	8.359030929873828
32	ISTO	62.4290355451905
32	ISCO	10.17425034720772
32	OGK	47.616130091464385
32	IMO	121.23631549124639
32	KBDTM	5755.777856759541
32	OUGGHO	41.08317860830488
32	TIKBEHO	29.601021319691625
32	BOH	8.148094981278279
32	DBYSY	118.78301281110464
32	HBDMS	4342.496463690061
32	SMO	67.07016024073295
32	KSHMO	137.08006444228064
32	ONEYNOO	49.97668776564868
32	TEOG	280.6100632084945
32	YGS	184.14761062948594
32	FYMO	7.479993044282823
32	KEHMO	75.9637421936911
32	PM10	87.61962911292805
32	OA	28.116464836591845
32	AHVNO	29.639118852884934
32	SGGPYO	7.441228560302219
32	BTHMO	61.971548311271064
32	CO	1.6707153612525891
32	OYTKS	2.641742110135529
32	GYYKGHO	135.26391232161504
32	KAHMO	131.6987668896818
32	MISKO	120.69825682025728
32	SPYO	12.337243086776752
32	SDO	5.654584112081791
32	IAS	11.627364356502005
32	KESEO	61.46822607175903
32	HEO	22.43283886594504
32	BTTHMO	99.65599643873887
32	STSS	51.40420973399122
32	AMA	30.807512204175303
32	SIMO	35.78858440608774
32	SHMO	44.52912481068995
32	MD	72.2305998948433
33	FBDOS	1.2528195198223178
33	KITMO	104.4044105565503
33	KKPYO	25.287663734065973
33	ISTO	51.49319610805928
33	ISCO	16.671257031814605
33	OGK	64.88857377020295
33	IMO	109.24344935291757
33	KBDTM	3258.3489578363315
33	OUGGHO	23.946509482394966
33	TIKBEHO	80.76597098916163
33	BOH	11.548319993685238
33	DBYSY	92.51412208465186
33	HBDMS	6832.511548837519
33	SMO	79.44229955323485
33	KSHMO	95.90108404313706
33	ONEYNOO	50.18200804477961
33	TEOG	356.76956180096954
33	YGS	275.01392325928924
33	FYMO	17.787838322646518
33	KEHMO	67.83132755504987
33	PM10	59.54284873363565
33	OA	66.5942425290827
33	AHVNO	100.24660319029937
33	SGGPYO	7.34997933858422
33	BTHMO	50.56187238948913
33	CO	19.10632853088604
33	OYTKS	3.1600391224002764
33	GYYKGHO	34.588597088311616
33	KAHMO	61.96318362969904
33	MISKO	70.19947010939323
33	SPYO	22.998181458667815
33	SDO	5.260430083423354
33	IAS	11.970093630837845
33	KESEO	36.20933560408933
33	HEO	526.9264437724818
33	BTTHMO	74.47224285605024
33	STSS	49.79882601136225
33	AMA	145.01843380623757
33	SIMO	119.04931060679054
33	SHMO	43.711099037566804
33	MD	84.6808490165782
34	FBDOS	1.2823381595418721
34	KITMO	118.42342963274348
34	KKPYO	16.411971956648884
34	ISTO	61.18899955359572
34	ISCO	6.744571311466544
34	OGK	71.87680459524492
34	IMO	96.91245239815225
34	KBDTM	13336.037478869006
34	OUGGHO	59.41497568188831
34	TIKBEHO	60.622718997109985
34	BOH	8.576633351451237
34	DBYSY	124.28625840282425
34	HBDMS	4687.2640503867015
34	SMO	58.985254469218035
34	KSHMO	64.72862066596554
34	ONEYNOO	24.380888640770358
34	TEOG	368.51856340132247
34	YGS	332.80802551305624
34	FYMO	13.395479436820054
34	KEHMO	39.8333613320964
34	PM10	42.134451284310835
34	OA	29.05877676551451
34	AHVNO	114.61542561281345
34	SGGPYO	41.85663675566245
34	BTHMO	101.10217656734703
34	CO	14.491893328536108
34	OYTKS	0.8432677540326645
34	GYYKGHO	35.11008704932888
34	KAHMO	71.03322689220697
34	MISKO	84.35921979290653
34	SPYO	22.363552969561358
34	SDO	4.210386957669224
34	IAS	17.224531211956332
34	KESEO	64.43837820543784
34	HEO	5043.687642315367
34	BTTHMO	85.01455010681691
34	STSS	204.44390733018724
34	AMA	215.48992019049453
34	SIMO	117.52894709190028
34	SHMO	30.61335006784419
34	MD	67.4911617047601
35	FBDOS	1.613961555047764
35	KITMO	121.19856156436757
35	KKPYO	9.32308260272631
35	ISTO	45.74145260826792
35	ISCO	9.146550041870793
35	OGK	77.87579160454352
35	IMO	106.74428025925721
35	KBDTM	8398.802193425705
35	OUGGHO	30.32255311639876
35	TIKBEHO	58.052109988200364
35	BOH	9.488810624789602
35	DBYSY	83.8263929947692
35	HBDMS	4609.162637562877
35	SMO	35.97444699042293
35	KSHMO	28.39987399013461
35	ONEYNOO	31.081367403656145
35	TEOG	291.41488959474174
35	YGS	251.58236146625052
35	FYMO	8.947564532584304
35	KEHMO	66.66338530890648
35	PM10	31.77512526439507
35	OA	18.934427575020873
35	AHVNO	138.01506361281838
35	SGGPYO	18.262037338208287
35	BTHMO	50.247549371111916
35	CO	23.281038644312087
35	OYTKS	2.146519080871002
35	GYYKGHO	37.32851315263012
35	KAHMO	41.41958560948646
35	MISKO	115.41242436573553
35	SPYO	33.06166118796529
35	SDO	7.118562249244132
35	IAS	13.912366280564674
35	KESEO	86.1304890234733
35	HEO	2248.0797482484695
35	BTTHMO	54.831944827616496
35	STSS	84.6090161941681
35	AMA	189.50136374447754
35	SIMO	115.33918453860593
35	SHMO	81.16146067319265
35	MD	74.91689397139149
36	FBDOS	0.8043005556422171
36	KITMO	49.42513544896477
36	KKPYO	38.3923819324584
36	ISTO	58.268408986346785
36	ISCO	8.301428734493255
36	OGK	60.69074411577068
36	IMO	81.67937526742138
36	KBDTM	1146.935243255748
36	OUGGHO	27.031036587852878
36	TIKBEHO	64.5072096388421
36	BOH	7.154108498641889
36	DBYSY	95.23880577117788
36	HBDMS	3629.8979503381224
36	SMO	91.3126178325909
36	KSHMO	68.12753655635541
36	ONEYNOO	28.320821432253542
36	TEOG	246.31266486511916
36	YGS	187.14291172002223
36	FYMO	11.602786362424272
36	KEHMO	86.57358529524504
36	PM10	48.64131864359277
36	OA	3.661736274723818
36	AHVNO	59.90829474361425
36	SGGPYO	15.17069776768837
36	BTHMO	28.704856888929534
36	CO	54.49700862270985
36	OYTKS	1.3527933966172623
36	GYYKGHO	44.91745657284233
36	KAHMO	90.27597445694946
36	MISKO	100.62503378014324
36	SPYO	16.23734501857232
36	SDO	10.554194792182775
36	IAS	7.017502740642927
36	KESEO	48.758313881889876
36	HEO	858.8869195802258
36	BTTHMO	89.62543621586033
36	STSS	7.647537533805795
36	AMA	0
36	SIMO	126.32689792475043
36	SHMO	68.99750078293445
36	MD	31.624300159028586
37	FBDOS	1.5146214772216073
37	KITMO	81.4690402250838
37	KKPYO	20.257142898699673
37	ISTO	42.515851480106456
37	ISCO	5.887989438212306
37	OGK	43.09658869077954
37	IMO	78.97150593258775
37	KBDTM	1429.4875759856782
37	OUGGHO	34.87928747158131
37	TIKBEHO	56.00123140136654
37	BOH	5.171990764810864
37	DBYSY	32.00264766635294
37	HBDMS	4547.798555105511
37	SMO	82.05638756452187
37	KSHMO	49.26080425095672
37	ONEYNOO	26.798437467280472
37	TEOG	324.9508571666736
37	YGS	273.3863258112441
37	FYMO	4.733456506469613
37	KEHMO	67.00908594551228
37	PM10	27.546418409961937
37	OA	66.87903671477115
37	AHVNO	63.32960607210741
37	SGGPYO	12.25047334687557
37	BTHMO	55.691910206670755
37	CO	68.96627550377272
37	OYTKS	1.6718116877099094
37	GYYKGHO	92.89756564919375
37	KAHMO	135.37235275790744
37	MISKO	86.52082399920769
37	SPYO	18.813274087801187
37	SDO	4.552778949967827
37	IAS	11.437882509681945
37	KESEO	59.21342671593379
37	HEO	66.86736602256879
37	BTTHMO	49.99467351259952
37	STSS	41.59994300051567
37	AMA	14.581610912875849
37	SIMO	91.80067142366357
37	SHMO	26.203125226643145
37	MD	41.10772397622199
38	FBDOS	1.2557521430574679
38	KITMO	99.56354311478894
38	KKPYO	15.846812573502415
38	ISTO	50.407237710237666
38	ISCO	13.262428658085986
38	OGK	43.51612173312117
38	IMO	77.35249094905681
38	KBDTM	4711.102311318221
38	OUGGHO	30.416650726246807
38	TIKBEHO	22.24666748079025
38	BOH	11.57117976142005
38	DBYSY	58.690673963182164
38	HBDMS	3388.0173555540955
38	SMO	111.91573730891959
38	KSHMO	66.94893460083003
38	ONEYNOO	29.445083592613035
38	TEOG	237.8598162168101
38	YGS	233.4221088022186
38	FYMO	17.080172478219048
38	KEHMO	85.359249715773
38	PM10	66.589034023315
38	OA	6.726908620197219
38	AHVNO	110.39870472554315
38	SGGPYO	21.847540496411106
38	BTHMO	77.224192961650445
38	CO	24.994284419292267
38	OYTKS	2.028952216829384
38	GYYKGHO	59.75314691250571
38	KAHMO	116.01553681488011
38	MISKO	90.03906932383049
38	SPYO	31.60307894056713
38	SDO	6.002049287534324
38	IAS	10.934454827298323
38	KESEO	78.76348969674349
38	HEO	1503.1519342091747
38	BTTHMO	68.92906699910226
38	STSS	71.64824151533531
38	AMA	115.95973226614981
38	SIMO	120.88230733038279
38	SHMO	27.50267398718893
38	MD	60.15107758338887
39	FBDOS	1.7017107533036988
39	KITMO	58.537500014624214
39	KKPYO	14.01912331670501
39	ISTO	34.442078729636926
39	ISCO	7.764035981510592
39	OGK	61.92122310204555
39	IMO	70.79161880182345
39	KBDTM	8973.528812760782
39	OUGGHO	65.57979420836338
39	TIKBEHO	55.49188722997126
39	BOH	5.766547553298777
39	DBYSY	66.1013072447625
39	HBDMS	2987.899646351256
39	SMO	39.08338780840522
39	KSHMO	32.88393491579239
39	ONEYNOO	49.971120536053625
39	TEOG	224.11585064355114
39	YGS	183.0346884504245
39	FYMO	22.176113774165497
39	KEHMO	114.4652593598204
39	PM10	52.37711155222231
39	OA	43.19387554222681
39	AHVNO	56.84959873925204
39	SGGPYO	14.266796752284318
39	BTHMO	85.53375187423453
39	CO	29.791632890258548
39	OYTKS	1.6388596136793727
39	GYYKGHO	66.40727707026754
39	KAHMO	78.5744995895606
39	MISKO	120.19099261084654
39	SPYO	11.087939866887545
39	SDO	5.484900991119082
39	IAS	11.98470203660523
39	KESEO	76.12945802929511
39	HEO	0
39	BTTHMO	82.13917319531674
39	STSS	59.93112368565738
39	AMA	21.065705553166406
39	SIMO	136.1648650654172
39	SHMO	63.283879597849946
39	MD	72.33919597153972
40	FBDOS	0.8534306109847376
40	KITMO	80.31507078755388
40	KKPYO	10.39511257928096
40	ISTO	53.21327733853907
40	ISCO	2.684378125357778
40	OGK	47.63570991456312
40	IMO	95.28880443687183
40	KBDTM	7266.298285394217
40	OUGGHO	40.88851993279997
40	TIKBEHO	30.591290427610645
40	BOH	6.48194102697487
40	DBYSY	50.846502604101104
40	HBDMS	5932.79624130397
40	SMO	103.66814551553546
40	KSHMO	98.65889258436862
40	ONEYNOO	32.66340265014289
40	TEOG	450.42101586452793
40	YGS	101.84500605671467
40	FYMO	14.008893119391253
40	KEHMO	69.0743998721938
40	PM10	41.40170452555881
40	OA	3.0711248532422113
40	AHVNO	71.13142219942416
40	SGGPYO	11.70464781712324
40	BTHMO	71.3048988510589
40	CO	30.588234652499203
40	OYTKS	1.5844205499779738
40	GYYKGHO	88.31061467255213
40	KAHMO	102.4346867310079
40	MISKO	86.85670529774714
40	SPYO	27.42126936695716
40	SDO	6.453373553636376
40	IAS	10.509309920896108
40	KESEO	70.81465684869602
40	HEO	44.28236553931713
40	BTTHMO	41.40831774262311
40	STSS	48.9959047211067
40	AMA	0
40	SIMO	112.33728922875414
40	SHMO	52.73677968356398
40	MD	52.388609702159286
41	FBDOS	2.216816663536592
41	KITMO	71.94238415896118
41	KKPYO	15.698490196936534
41	ISTO	85.05144152516445
41	ISCO	8.050181864395778
41	OGK	80.93154542162124
41	IMO	74.16264900717962
41	KBDTM	7738.246079525206
41	OUGGHO	57.43594456187098
41	TIKBEHO	62.45676648627115
41	BOH	5.341078044301909
41	DBYSY	48.582914912507036
41	HBDMS	4418.661596565748
41	SMO	54.14985852736608
41	KSHMO	82.05756787240475
41	ONEYNOO	45.00072281617714
41	TEOG	392.2950284914067
41	YGS	256.11994095261986
41	FYMO	16.257216414603445
41	KEHMO	75.96067732808488
41	PM10	46.52654363270946
41	OA	65.9763094014019
41	AHVNO	95.64746590139245
41	SGGPYO	15.518783333624699
41	BTHMO	60.08517049486989
41	CO	37.92144930504347
41	OYTKS	2.002655941719878
41	GYYKGHO	72.78554440466586
41	KAHMO	82.99053297781681
41	MISKO	88.87829236987415
41	SPYO	18.369780185272553
41	SDO	13.990776276548223
41	IAS	13.023932503479715
41	KESEO	122.29557355545839
41	HEO	195.00483739374317
41	BTTHMO	61.053363560814546
41	STSS	74.30127236084437
41	AMA	128.16466395174024
41	SIMO	106.28465810466477
41	SHMO	50.23977971604632
41	MD	47.80927857491237
42	FBDOS	1.7314966440958643
42	KITMO	70.91468626483955
42	KKPYO	17.70857678817964
42	ISTO	38.84657186324227
42	ISCO	5.624804980447263
42	OGK	58.42173977186603
42	IMO	19.903319497007885
42	KBDTM	3482.122273486053
42	OUGGHO	31.325555510435926
42	TIKBEHO	51.45430154495304
42	BOH	13.151580785335733
42	DBYSY	95.174717110858
42	HBDMS	5694.104002561686
42	SMO	99.15002679222049
42	KSHMO	63.503992883172955
42	ONEYNOO	35.74005288627596
42	TEOG	382.81023037413064
42	YGS	174.85633305409885
42	FYMO	17.816968032074705
42	KEHMO	8.92622998785734
42	PM10	47.504127393944415
42	OA	9.377268060849747
42	AHVNO	106.26557834446493
42	SGGPYO	11.997477884322599
42	BTHMO	104.66641933455941
42	CO	15.343173125126524
42	OYTKS	3.2013758586440444
42	GYYKGHO	53.819219813440625
42	KAHMO	117.40646240934191
42	MISKO	92.21508302381282
42	SPYO	24.574412931175974
42	SDO	2.1657914201466313
42	IAS	11.55369310277668
42	KESEO	102.30120554701195
42	HEO	554.7566356013534
42	BTTHMO	100.00188838170169
42	STSS	54.86621748614937
42	AMA	71.78552066628167
42	SIMO	61.75381687436011
42	SHMO	93.56989127154482
42	MD	55.602448020382404
43	FBDOS	1.7990701407050638
43	KITMO	93.44308826071737
43	KKPYO	17.829075267651977
43	ISTO	43.60018885070924
43	ISCO	5.257807866852502
43	OGK	61.516145678933974
43	IMO	92.07728788655865
43	KBDTM	2732.6711815444764
43	OUGGHO	27.688198670109777
43	TIKBEHO	50.02823816895499
43	BOH	6.63207678538666
43	DBYSY	47.19093142802572
43	HBDMS	7400.2636040400885
43	SMO	97.99730035632629
43	KSHMO	73.25109068133254
43	ONEYNOO	49.28038726832971
43	TEOG	335.4487849931202
43	YGS	164.80295586181614
43	FYMO	13.80881886053245
43	KEHMO	80.88502231841173
43	PM10	84.5337848853859
43	OA	64.34237816451135
43	AHVNO	44.768723922467856
43	SGGPYO	5.448284947134182
43	BTHMO	56.72700539131948
43	CO	24.962925695222232
43	OYTKS	2.1634001759311334
43	GYYKGHO	59.30927043023388
43	KAHMO	88.82106109850322
43	MISKO	87.5110649578258
43	SPYO	13.183817143751119
43	SDO	3.962150690096083
43	IAS	6.328249377819462
43	KESEO	104.33111154176088
43	HEO	28.771546672190542
43	BTTHMO	61.27879284137824
43	STSS	33.42586271525302
43	AMA	127.08323409922457
43	SIMO	116.91510398379606
43	SHMO	119.3996568452262
43	MD	70.88819818486962
44	FBDOS	1.2224097854881868
44	KITMO	72.41854280250017
44	KKPYO	23.51541557854598
44	ISTO	53.308553324030555
44	ISCO	7.024607709356539
44	OGK	61.423193174035546
44	IMO	25.48294247059986
44	KBDTM	2570.1376396956334
44	OUGGHO	28.087666880887568
44	TIKBEHO	49.501434258245546
44	BOH	15.273967094270866
44	DBYSY	59.392054403144016
44	HBDMS	6298.127911231888
44	SMO	63.581857215808654
44	KSHMO	70.24581079555279
44	ONEYNOO	25.59336427758736
44	TEOG	246.75016126889503
44	YGS	143.27289062753783
44	FYMO	3.0324793089410225
44	KEHMO	102.88132475012628
44	PM10	43.05536856677452
44	OA	15.400146405465522
44	AHVNO	132.99616755031894
44	SGGPYO	12.677427672417004
44	BTHMO	54.08035868913893
44	CO	29.49343188780905
44	OYTKS	1.354414486942776
44	GYYKGHO	8.433050238094282
44	KAHMO	107.84611278290114
44	MISKO	62.48198746401461
44	SPYO	16.767812593465894
44	SDO	9.546604494448314
44	IAS	7.707097656306951
44	KESEO	128.2323408574789
44	HEO	150.72344612682275
44	BTTHMO	68.85683768080932
44	STSS	38.86546252549416
44	AMA	107.91540100059225
44	SIMO	71.0761475121255
44	SHMO	31.61577513552889
44	MD	16.27159826955088
45	FBDOS	1.9892808984456227
45	KITMO	107.91767570932093
45	KKPYO	18.99563930258109
45	ISTO	25.38851782003836
45	ISCO	5.196465066404548
45	OGK	36.856873782817345
45	IMO	69.6552913561397
45	KBDTM	4904.440760639582
45	OUGGHO	17.190949019814287
45	TIKBEHO	23.44827899970984
45	BOH	5.737263732968068
45	DBYSY	103.7144578792142
45	HBDMS	5352.230571530426
45	SMO	61.09978717131513
45	KSHMO	83.56091979104197
45	ONEYNOO	35.96107864076459
45	TEOG	325.6709700183776
45	YGS	187.83722739674573
45	FYMO	16.58705581133008
45	KEHMO	76.79481286197819
45	PM10	77.93184534172632
45	OA	36.23546240325216
45	AHVNO	48.61730716872943
45	SGGPYO	12.465087329082028
45	BTHMO	84.50841088036961
45	CO	29.459270654807224
45	OYTKS	1.4276999196771185
45	GYYKGHO	63.53631022011062
45	KAHMO	98.53299114649917
45	MISKO	121.43248485658188
45	SPYO	20.824272761688956
45	SDO	3.1143759126674126
45	IAS	5.0921387476143245
45	KESEO	58.180428031818124
45	HEO	775.5465457415551
45	BTTHMO	88.34491889078626
45	STSS	44.87117671758288
45	AMA	38.63529183592569
45	SIMO	138.67518713531467
45	SHMO	75.33552299112404
45	MD	70.898280314754345
46	FBDOS	1.1965540863432989
46	KITMO	99.19760137465802
46	KKPYO	27.060062980025553
46	ISTO	24.301240502318052
46	ISCO	9.03584769246693
46	OGK	46.09676160364248
46	IMO	27.310323449093282
46	KBDTM	2247.3687587085665
46	OUGGHO	21.69341182296084
46	TIKBEHO	88.3046486901269
46	BOH	7.855122181762737
46	DBYSY	70.55484376411005
46	HBDMS	6032.100525574019
46	SMO	57.91367118099084
46	KSHMO	80.26193141873392
46	ONEYNOO	33.27007492896322
46	TEOG	339.2050067554455
46	YGS	208.9057941657429
46	FYMO	9.894760271299049
46	KEHMO	109.01121054221188
46	PM10	84.44642093461853
46	OA	38.45639970492019
46	AHVNO	92.14833352086993
46	SGGPYO	21.052275591664298
46	BTHMO	50.141129829295515
46	CO	19.197322262519805
46	OYTKS	2.6329853757812742
46	GYYKGHO	54.51465581619376
46	KAHMO	66.75773739729915
46	MISKO	114.80310878104942
46	SPYO	32.143731701034085
46	SDO	6.9924189381584085
46	IAS	6.529001877369865
46	KESEO	96.45012140209889
46	HEO	303.9709694687032
46	BTTHMO	85.02782233814939
46	STSS	33.66137506944454
46	AMA	76.27607816277683
46	SIMO	73.004769564133
46	SHMO	39.720249236364964
46	MD	12.486617659254485
47	FBDOS	0.23145972796233716
47	KITMO	47.26268743386039
47	KKPYO	41.576502626658645
47	ISTO	38.51875885900027
47	ISCO	10.0221348872524
47	OGK	28.24712336050488
47	IMO	69.2092733302829
47	KBDTM	754.0974221912769
47	OUGGHO	22.837145260201613
47	TIKBEHO	64.7556599231248
47	BOH	16.27976556555377
47	DBYSY	40.355591086064365
47	HBDMS	6831.801972052014
47	SMO	54.66767609513511
47	KSHMO	60.471819815233985
47	ONEYNOO	24.000059996370197
47	TEOG	282.07449250872924
47	YGS	179.189056239333
47	FYMO	4.323984531450425
47	KEHMO	103.3652198656809
47	PM10	67.33809300388737
47	OA	15.970982590850719
47	AHVNO	84.69146493524275
47	SGGPYO	12.719270773211184
47	BTHMO	36.092060172950376
47	CO	9.103070141448853
47	OYTKS	1.418598621332615
47	GYYKGHO	82.7654645692636
47	KAHMO	51.72565475879246
47	MISKO	90.80874893942033
47	SPYO	21.37566601090981
47	SDO	7.560537456490401
47	IAS	3.5436074192433487
47	KESEO	81.4615932483612
47	HEO	306.28519000761037
47	BTTHMO	74.76642702800699
47	STSS	12.095263422465306
47	AMA	37.1069432085439
47	SIMO	117.00123991520715
47	SHMO	22.964723328569207
47	MD	50.706703930430116
48	FBDOS	1.5271051968894436
48	KITMO	63.85281305890105
48	KKPYO	21.982571956054706
48	ISTO	40.68590202858023
48	ISCO	7.882982727171151
48	OGK	82.75050656450978
48	IMO	103.53110098711892
48	KBDTM	12961.79299052789
48	OUGGHO	53.489162137142316
48	TIKBEHO	46.088310900207375
48	BOH	8.762828232371001
48	DBYSY	101.6032329972558
48	HBDMS	7314.106997034009
48	SMO	95.56282890361331
48	KSHMO	59.79403790255613
48	ONEYNOO	50.617742603638774
48	TEOG	373.7595840436387
48	YGS	296.12415846339496
48	FYMO	18.637507647109672
48	KEHMO	62.508455636797244
48	PM10	96.13701597521373
48	OA	73.71931014609952
48	AHVNO	98.62939793218027
48	SGGPYO	23.609635698069297
48	BTHMO	77.04303135109213
48	CO	78.51403343175738
48	OYTKS	3.6299915772676026
48	GYYKGHO	46.47767247351739
48	KAHMO	66.9083171803966
48	MISKO	115.35821728542658
48	SPYO	20.129382291048234
48	SDO	6.2906718512205595
48	IAS	18.197670585035358
48	KESEO	47.21537789968592
48	HEO	409.161942103207
48	BTTHMO	62.88980060302406
48	STSS	52.059883959215384
48	AMA	67.24086059943693
48	SIMO	64.15779370529502
48	SHMO	46.06271228933445
48	MD	46.565721926791824
49	FBDOS	1.2133789814750056
49	KITMO	81.9567806013812
49	KKPYO	37.742947001080935
49	ISTO	61.07232831071104
49	ISCO	9.356672179024278
49	OGK	80.80674977252451
49	IMO	80.17896663220685
49	KBDTM	773.3886682686647
49	OUGGHO	21.487095524410513
49	TIKBEHO	92.75848334063556
49	BOH	8.09723615786108
49	DBYSY	82.6456255496909
49	HBDMS	9751.134006011747
49	SMO	70.13218083149782
49	KSHMO	57.63102263277853
49	ONEYNOO	19.13939269095669
49	TEOG	249.94466003160062
49	YGS	187.95760514123128
49	FYMO	13.884617907467677
49	KEHMO	58.03216395141052
49	PM10	120.1275616914447
49	OA	12.254997832131611
49	AHVNO	45.567617368829474
49	SGGPYO	20.092118166828342
49	BTHMO	53.91179296713045
49	CO	34.307428833316095
49	OYTKS	0.7814050893063298
49	GYYKGHO	62.27933885861535
49	KAHMO	101.6589288340443
49	MISKO	90.12796889951677
49	SPYO	10.157804283307193
49	SDO	4.076818559403279
49	IAS	1.3442502018669793
49	KESEO	36.58083500051508
49	HEO	104.41184491961849
49	BTTHMO	18.73573461207057
49	STSS	11.735219329793807
49	AMA	0
49	SIMO	94.0916783552809
49	SHMO	29.916300695473556
49	MD	54.01897863541875
50	FBDOS	1.2560695788153229
50	KITMO	84.84315665680606
50	KKPYO	6.758398062459382
50	ISTO	33.53601467463854
50	ISCO	7.082406284830377
50	OGK	48.53659915260311
50	IMO	26.739987980762237
50	KBDTM	7085.422846209693
50	OUGGHO	37.3240004797231
50	TIKBEHO	47.45166441780646
50	BOH	6.543602109949137
50	DBYSY	42.934503862599094
50	HBDMS	5690.936041532981
50	SMO	73.34256749287233
50	KSHMO	115.58423346061927
50	ONEYNOO	45.74339203946559
50	TEOG	188.3815331105201
50	YGS	226.2045269251039
50	FYMO	7.921695528970389
50	KEHMO	77.49043379639241
50	PM10	48.60067096523561
50	OA	1.8187136300975655
50	AHVNO	66.05526107547183
50	SGGPYO	11.878414548247736
50	BTHMO	91.74024115013323
50	CO	25.33219720044262
50	OYTKS	3.879096026988192
50	GYYKGHO	50.12059942712903
50	KAHMO	92.61557187707237
50	MISKO	104.27962712538941
50	SPYO	22.499251741182867
50	SDO	7.308214647712882
50	IAS	9.13963349002109
50	KESEO	51.7054497798575
50	HEO	183.6604041451518
50	BTTHMO	71.01648585418536
50	STSS	44.57855559663319
50	AMA	105.34321604661143
50	SIMO	101.88676382230554
50	SHMO	34.96836538034603
50	MD	62.44346132409593
51	FBDOS	1.6451665618900868
51	KITMO	79.4479433619617
51	KKPYO	13.268301274396201
51	ISTO	55.50292513230067
51	ISCO	4.6972407655574235
51	OGK	72.98637143218187
51	IMO	50.181332574835174
51	KBDTM	2842.666144265426
51	OUGGHO	18.790357942031694
51	TIKBEHO	64.56693666942445
51	BOH	8.124305406155742
51	DBYSY	52.0628698579822
51	HBDMS	8385.91339083951
51	SMO	53.6159623985518
51	KSHMO	108.26307744978064
51	ONEYNOO	36.02292580334068
51	TEOG	276.2117496550881
51	YGS	67.40798486070642
51	FYMO	13.296497073899568
51	KEHMO	107.4764361057694
51	PM10	48.82185232548181
51	OA	6.929089634702596
51	AHVNO	67.07016754772317
51	SGGPYO	3.6093176355983982
51	BTHMO	99.60741978211888
51	CO	38.036730612217895
51	OYTKS	3.122630235234226
51	GYYKGHO	82.72358148262776
51	KAHMO	114.26932581854294
51	MISKO	89.78192417364114
51	SPYO	19.73320619544875
51	SDO	6.096386072857509
51	IAS	3.153895953226006
51	KESEO	82.28815626395509
51	HEO	0
51	BTTHMO	76.04991387307535
51	STSS	24.8311986734097
51	AMA	0
51	SIMO	63.36017907040959
51	SHMO	94.72006268341576
51	MD	75.52340470407802
52	FBDOS	1.2332891240531085
52	KITMO	113.47885255211455
52	KKPYO	14.0433776379713
52	ISTO	85.21745835636065
52	ISCO	4.700938649935155
52	OGK	54.61321523582929
52	IMO	72.85536369884525
52	KBDTM	3576.719865472071
52	OUGGHO	36.94676554899751
52	TIKBEHO	56.74878915636863
52	BOH	6.8870683565179895
52	DBYSY	32.74856714152935
52	HBDMS	6840.307987757843
52	SMO	46.0770192583144
52	KSHMO	78.221712238588
52	ONEYNOO	37.41770656551037
52	TEOG	297.22027437915256
52	YGS	203.66024625317814
52	FYMO	8.728377189135792
52	KEHMO	44.2180202261967
52	PM10	47.337831747278614
52	OA	24.213330020030245
52	AHVNO	45.26455022539063
52	SGGPYO	15.647611286148475
52	BTHMO	68.16845536230923
52	CO	21.622706403758276
52	OYTKS	2.506025771194378
52	GYYKGHO	84.6654896678079
52	KAHMO	78.10758322306056
52	MISKO	92.27889085130244
52	SPYO	25.055659004475675
52	SDO	8.43877723142501
52	IAS	3.269437914993427
52	KESEO	71.79820157763403
52	HEO	61.22751084370725
52	BTTHMO	69.4675463971418
52	STSS	29.736843119469825
52	AMA	15.626818597129802
52	SIMO	49.709111083147455
52	SHMO	47.46945216714481
52	MD	57.548911497246166
53	FBDOS	1.5259012116187491
53	KITMO	53.295143366943506
53	KKPYO	19.15859669799392
53	ISTO	58.81275139861907
53	ISCO	8.48248600164845
53	OGK	59.10170622075277
53	IMO	69.07367247263124
53	KBDTM	4047.9435671142464
53	OUGGHO	24.00170357069157
53	TIKBEHO	13.242872876579796
53	BOH	7.455046984062666
53	DBYSY	44.90106946886895
53	HBDMS	5528.992707952867
53	SMO	70.27892785650221
53	KSHMO	48.70931264737378
53	ONEYNOO	40.38305835756757
53	TEOG	556.5258761773596
53	YGS	195.45492820530893
53	FYMO	14.151908431817187
53	KEHMO	96.99213012534474
53	PM10	51.662066839593585
53	OA	48.22988903805077
53	AHVNO	88.404439997828
53	SGGPYO	15.694560309976685
53	BTHMO	42.89796402627829
53	CO	27.87593623736093
53	OYTKS	2.9062474981835846
53	GYYKGHO	91.65226284904135
53	KAHMO	125.0077556615521
53	MISKO	79.65124777534793
53	SPYO	36.0043718006075
53	SDO	9.789099206824599
53	IAS	11.143782327677446
53	KESEO	52.950009035883525
53	HEO	291.07897808188517
53	BTTHMO	87.06782634002663
53	STSS	14.600513502928532
53	AMA	0
53	SIMO	103.4155254824208
53	SHMO	83.28418492219774
53	MD	44.50463659701149
54	FBDOS	1.9633798743461532
54	KITMO	105.31918123160914
54	KKPYO	11.237602801817697
54	ISTO	59.54396135473069
54	ISCO	8.10267440391091
54	OGK	47.83242882634912
54	IMO	18.182614148382243
54	KBDTM	2899.155469072417
54	OUGGHO	20.771484624360124
54	TIKBEHO	40.81193302096326
54	BOH	11.553405284961665
54	DBYSY	73.05854477589685
54	HBDMS	3660.261145104764
54	SMO	67.7081980447233
54	KSHMO	101.20355804173835
54	ONEYNOO	56.81201730918821
54	TEOG	277.3091806131471
54	YGS	186.1413401556503
54	FYMO	10.63487342582345
54	KEHMO	68.95550011796124
54	PM10	62.726606247946926
54	OA	29.475775849343616
54	AHVNO	101.73083957062865
54	SGGPYO	13.358992758415251
54	BTHMO	111.24887575332008
54	CO	20.925154349554823
54	OYTKS	3.181014032748709
54	GYYKGHO	40.71896554645033
54	KAHMO	94.49291028988772
54	MISKO	110.46743923403426
54	SPYO	28.976550687909555
54	SDO	3.9317731107704397
54	IAS	17.74891690256625
54	KESEO	71.45176068211227
54	HEO	13.137634580732598
54	BTTHMO	28.52641522749454
54	STSS	102.2548687537264
54	AMA	193.63357194033432
54	SIMO	131.44385752623012
54	SHMO	67.66440646594222
54	MD	48.69837479091714
55	FBDOS	0.9843681742779744
55	KITMO	94.50614389361009
55	KKPYO	13.073950806184659
55	ISTO	41.744449146055864
55	ISCO	7.812715001895529
55	OGK	74.62450644772379
55	IMO	81.67375576152139
55	KBDTM	4288.340396525531
55	OUGGHO	33.22387058066897
55	TIKBEHO	61.874555717253614
55	BOH	13.13583840451989
55	DBYSY	104.96742002572512
55	HBDMS	5713.231841245435
55	SMO	66.1049742481126
55	KSHMO	66.60423722979861
55	ONEYNOO	29.069273781419774
55	TEOG	245.13620701333397
55	YGS	227.56706721600963
55	FYMO	10.790083017597674
55	KEHMO	81.36725351344437
55	PM10	75.37882712250615
55	OA	27.27646134036465
55	AHVNO	102.80303098556836
55	SGGPYO	31.489380978534413
55	BTHMO	46.09494736167103
55	CO	16.33250717198826
55	OYTKS	1.6165459865736886
55	GYYKGHO	53.38389481383454
55	KAHMO	26.277119753500557
55	MISKO	101.71819511098113
55	SPYO	22.961928405900746
55	SDO	5.498381986213334
55	IAS	13.636812109893388
55	KESEO	31.40285956655245
55	HEO	341.56598666312925
55	BTTHMO	71.69131670019283
55	STSS	78.52876931142768
55	AMA	140.03451125463488
55	SIMO	53.90455034612449
55	SHMO	67.22316072081944
55	MD	50.45219919276047
56	FBDOS	0.6837043399214077
56	KITMO	80.62364696085143
56	KKPYO	27.019994568795127
56	ISTO	21.600466696064508
56	ISCO	13.812213422342296
56	OGK	66.2016707888158
56	IMO	97.74701444042978
56	KBDTM	1289.9333960496222
56	OUGGHO	38.15080231987258
56	TIKBEHO	31.609242717743786
56	BOH	18.125814257647715
56	DBYSY	61.449250500073845
56	HBDMS	5882.727793102889
56	SMO	79.57146559137311
56	KSHMO	82.55593186079457
56	ONEYNOO	39.77970782768308
56	TEOG	158.3478813013234
56	YGS	213.84896969921493
56	FYMO	20.893640935180972
56	KEHMO	59.614080868547916
56	PM10	135.93377775628207
56	OA	34.626359235103855
56	AHVNO	87.08565707705901
56	SGGPYO	30.638261098286147
56	BTHMO	32.70842257005155
56	CO	16.37487430522424
56	OYTKS	1.4971020393360528
56	GYYKGHO	58.04847328239884
56	KAHMO	101.27273343551563
56	MISKO	109.61223366367467
56	SPYO	23.588057569223977
56	SDO	4.764514366666797
56	IAS	3.49437611600908
56	KESEO	84.68368721527577
56	HEO	61.53326988646822
56	BTTHMO	41.60551372876215
56	STSS	21.244272501215796
56	AMA	126.92407020766295
56	SIMO	107.4022463957737
56	SHMO	17.004249771449434
56	MD	72.74539021838245
57	FBDOS	1.4670040588292363
57	KITMO	61.68048773563583
57	KKPYO	12.351113737003843
57	ISTO	65.58407611675943
57	ISCO	5.213334070320972
57	OGK	65.13729607771457
57	IMO	75.92343663283984
57	KBDTM	2640.278752475384
57	OUGGHO	43.17067644189291
57	TIKBEHO	65.9388885644646
57	BOH	12.551277570987992
57	DBYSY	67.42342618843725
57	HBDMS	6521.16980141835
57	SMO	96.11104514808625
57	KSHMO	42.86316217791834
57	ONEYNOO	48.35438505389158
57	TEOG	300.6767077735577
57	YGS	177.17588543279695
57	FYMO	7.369984558321507
57	KEHMO	62.47153246421135
57	PM10	28.05295818139625
57	OA	61.253706079969824
57	AHVNO	52.65627645433166
57	SGGPYO	13.331932618091466
57	BTHMO	49.20717274859021
57	CO	25.88974491617386
57	OYTKS	1.7232557164600637
57	GYYKGHO	116.49728645310725
57	KAHMO	123.6172421914934
57	MISKO	138.87633736194059
57	SPYO	15.125423499776755
57	SDO	11.018654770860412
57	IAS	12.258840205883516
57	KESEO	39.591188994850754
57	HEO	94.68083224080173
57	BTTHMO	46.330097113237045
57	STSS	4.994963507419406
57	AMA	0
57	SIMO	118.22069763775538
57	SHMO	99.47002056973113
57	MD	28.314966847890325
58	FBDOS	1.0838269750810312
58	KITMO	32.37352804478527
58	KKPYO	21.30376729008944
58	ISTO	37.68346100435443
58	ISCO	11.228285147606007
58	OGK	36.550619405443484
58	IMO	70.37452363512415
58	KBDTM	4220.396278919686
58	OUGGHO	54.39871717502717
58	TIKBEHO	6.489714940991931
58	BOH	6.5269605644378474
58	DBYSY	85.16298035385017
58	HBDMS	5630.46294061882
58	SMO	72.970334597966
58	KSHMO	72.86311420249012
58	ONEYNOO	29.08314181061055
58	TEOG	349.8916894605825
58	YGS	139.07885325326987
58	FYMO	14.19186713331285
58	KEHMO	85.99476259837067
58	PM10	36.219225536232045
58	OA	3.877071532053063
58	AHVNO	109.96919762471806
58	SGGPYO	10.58893077720344
58	BTHMO	99.23644252175711
58	CO	31.340819440312362
58	OYTKS	3.9255738082586227
58	GYYKGHO	45.4779160203926
58	KAHMO	129.58616296740053
58	MISKO	107.56591625724431
58	SPYO	22.416496752794792
58	SDO	3.2409328001185864
58	IAS	5.851988128187539
58	KESEO	60.84228914958569
58	HEO	192.75093380851018
58	BTTHMO	58.93148273446359
58	STSS	38.62305677703779
58	AMA	0
58	SIMO	131.5421023692961
58	SHMO	62.81779765379689
58	MD	57.31943055527766
59	FBDOS	2.0097814858006977
59	KITMO	76.62274768675661
59	KKPYO	13.59625659945487
59	ISTO	43.58607603839505
59	ISCO	7.627570891153398
59	OGK	57.60952598629198
59	IMO	66.34816581025203
59	KBDTM	4523.033398163382
59	OUGGHO	22.86735500621774
59	TIKBEHO	51.69331477280771
59	BOH	14.77553234783638
59	DBYSY	66.22344332794665
59	HBDMS	4800.889244372056
59	SMO	88.2440368025469
59	KSHMO	96.2011480206775
59	ONEYNOO	49.321065079633954
59	TEOG	404.26603837758523
59	YGS	172.40080853404262
59	FYMO	20.21977537420566
59	KEHMO	110.62278805147403
59	PM10	35.960750425823676
59	OA	18.77068995729977
59	AHVNO	71.34827599986482
59	SGGPYO	10.657980121867272
59	BTHMO	85.95557178402994
59	CO	27.456379787307625
59	OYTKS	1.0872328881904025
59	GYYKGHO	48.82994527129009
59	KAHMO	60.19905863205224
59	MISKO	95.13576255033398
59	SPYO	16.474912568602257
59	SDO	8.54772977663491
59	IAS	10.874429034644706
59	KESEO	97.77500564592391
59	HEO	10.173883323373518
59	BTTHMO	42.86387621080304
59	STSS	71.80290425738661
59	AMA	88.02438043787681
59	SIMO	105.50717844448648
59	SHMO	62.35808982109335
59	MD	45.49760018968022
60	FBDOS	1.148976981210318
60	KITMO	89.5530577812605
60	KKPYO	19.45144079106333
60	ISTO	47.02539365721173
60	ISCO	7.466286614692283
60	OGK	30.429661211528906
60	IMO	71.93101961350433
60	KBDTM	1907.6946010737943
60	OUGGHO	42.74148227072274
60	TIKBEHO	32.6932066186084
60	BOH	9.521351829902141
60	DBYSY	80.83155770907476
60	HBDMS	3758.9989698894206
60	SMO	58.12492294518497
60	KSHMO	81.29417507747073
60	ONEYNOO	35.596400892018266
60	TEOG	225.2503988921368
60	YGS	175.26210430575986
60	FYMO	9.28612422139002
60	KEHMO	92.58071966130927
60	PM10	61.96759640251747
60	OA	58.94855342546033
60	AHVNO	52.64481823689729
60	SGGPYO	17.158258800146307
60	BTHMO	46.02272771071694
60	CO	12.03377228054856
60	OYTKS	2.6930129599819845
60	GYYKGHO	80.93711063816689
60	KAHMO	106.10985201719926
60	MISKO	54.127509432581896
60	SPYO	20.12859479971361
60	SDO	8.349942161995676
60	IAS	5.147774313613222
60	KESEO	95.05030532454823
60	HEO	53.32136510388621
60	BTTHMO	97.6272918267793
60	STSS	38.82026311507314
60	AMA	53.14906030991499
60	SIMO	71.52675809717371
60	SHMO	92.06655958967272
60	MD	76.81534108554392
61	FBDOS	1.028487898712184
61	KITMO	133.34367710124005
61	KKPYO	20.48528208910881
61	ISTO	46.17422128951287
61	ISCO	8.060626896962356
61	OGK	61.74516826835522
61	IMO	114.25375128381665
61	KBDTM	4223.302989930584
61	OUGGHO	36.36771682186809
61	TIKBEHO	43.347170302967726
61	BOH	14.423749782997534
61	DBYSY	98.97241493619764
61	HBDMS	7238.310459986574
61	SMO	46.80954268716114
61	KSHMO	73.86491703047113
61	ONEYNOO	51.24055989182126
61	TEOG	370.0566810187974
61	YGS	175.29348088465633
61	FYMO	10.5239404786718
61	KEHMO	38.439585094430996
61	PM10	25.26239645750058
61	OA	31.977413883386575
61	AHVNO	80.30924626880031
61	SGGPYO	26.52986770187635
61	BTHMO	59.47976320082169
61	CO	19.813532765273358
61	OYTKS	1.0998940377209512
61	GYYKGHO	64.55186156994884
61	KAHMO	56.00997499914006
61	MISKO	55.559664287185484
61	SPYO	21.916345740791922
61	SDO	9.186070876400906
61	IAS	12.574226330379561
61	KESEO	38.305262225113296
61	HEO	2471.925105035931
61	BTTHMO	77.54781069464003
61	STSS	144.12606545559663
61	AMA	118.94402386996745
61	SIMO	86.84359342663193
61	SHMO	48.26645908913585
61	MD	76.36687149416997
62	FBDOS	2.003925972058215
62	KITMO	120.66755450092492
62	KKPYO	25.181667428356285
62	ISTO	91.63223710123467
62	ISCO	5.653882780738014
62	OGK	87.84505667338637
62	IMO	82.055168185764785
62	KBDTM	7886.040725047937
62	OUGGHO	43.4886885815959
62	TIKBEHO	67.36189771395844
62	BOH	7.998338639889443
62	DBYSY	77.8113576013621
62	HBDMS	4142.068015478659
62	SMO	68.62398813136903
62	KSHMO	85.60297886131576
62	ONEYNOO	57.795836273370284
62	TEOG	398.94788176774745
62	YGS	163.86546502651402
62	FYMO	14.613954198234055
62	KEHMO	36.54327769267968
62	PM10	18.862669630209716
62	OA	31.619675163346802
62	AHVNO	25.967288274438843
62	SGGPYO	14.450738254553091
62	BTHMO	67.47773788085402
62	CO	83.71069653164604
62	OYTKS	1.3964586244207622
62	GYYKGHO	57.06256156557874
62	KAHMO	70.68760728978049
62	MISKO	94.88209727426542
62	SPYO	14.140724736739731
62	SDO	16.18240316021955
62	IAS	4.53473663691296
62	KESEO	68.5209763475633
62	HEO	0
62	BTTHMO	68.13896384837844
62	STSS	12.667706584811718
62	AMA	0
62	SIMO	99.06481013184687
62	SHMO	33.217345190170775
62	MD	35.15888480186527
63	FBDOS	0.925497329885167
63	KITMO	69.93445117291338
63	KKPYO	41.91687269883253
63	ISTO	35.048699144496446
63	ISCO	12.488220584750986
63	OGK	75.54273912972249
63	IMO	77.2045421991628
63	KBDTM	876.4504546539421
63	OUGGHO	27.56953265294758
63	TIKBEHO	68.98636834996492
63	BOH	11.452310536034748
63	DBYSY	59.73221650138416
63	HBDMS	7379.858870785018
63	SMO	83.52729895923035
63	KSHMO	67.4020744633173
63	ONEYNOO	37.05414272373769
63	TEOG	261.11983084981273
63	YGS	208.84970225520695
63	FYMO	8.299495465491045
63	KEHMO	96.24221319578592
63	PM10	54.72668953123198
63	OA	0.4456477220977442
63	AHVNO	74.58868515076311
63	SGGPYO	9.987922222801197
63	BTHMO	39.48075476397642
63	CO	32.84364507467304
63	OYTKS	1.2819179565667018
63	GYYKGHO	63.16928506525671
63	KAHMO	52.67251551505506
63	MISKO	54.369564992379296
63	SPYO	18.222699843774194
63	SDO	5.086485458417157
63	IAS	3.130125261372356
63	KESEO	81.81190056898369
63	HEO	79.8573626419743
63	BTTHMO	59.72272047649276
63	STSS	18.30806607156512
63	AMA	53.62156978538567
63	SIMO	40.38892053409106
63	SHMO	19.00650907803873
63	MD	55.02930561640978
64	FBDOS	1.2551234942885
64	KITMO	99.5914645404866
64	KKPYO	12.911541084692859
64	ISTO	58.477013756057204
64	ISCO	4.866034529929716
64	OGK	60.71021178019586
64	IMO	115.29624877737956
64	KBDTM	2937.284606791228
64	OUGGHO	40.52789579200804
64	TIKBEHO	31.039412983291427
64	BOH	10.39693716633948
64	DBYSY	68.33411160741888
64	HBDMS	6985.340092886551
64	SMO	65.97932632830104
64	KSHMO	47.111791156347316
64	ONEYNOO	25.04148751651018
64	TEOG	85.42398437614125
64	YGS	151.74403044793075
64	FYMO	9.873022953532981
64	KEHMO	67.54344604182447
64	PM10	38.85666363937454
64	OA	37.24692019146459
64	AHVNO	81.030640465606
64	SGGPYO	5.037686038101022
64	BTHMO	115.48875614706628
64	CO	19.354981283108373
64	OYTKS	3.1527149563712182
64	GYYKGHO	87.39263295110548
64	KAHMO	160.42538482647808
64	MISKO	68.51555282974795
64	SPYO	21.506952226977273
64	SDO	1.6986436185303684
64	IAS	10.607266549703173
64	KESEO	70.08113079452315
64	HEO	13.183581104026462
64	BTTHMO	66.26855735146634
64	STSS	78.81723415967981
64	AMA	72.18618115531193
64	SIMO	100.45678904602339
64	SHMO	18.298809173486482
64	MD	56.80503540958685
65	FBDOS	0.3838516056321515
65	KITMO	135.36286566369847
65	KKPYO	28.469933009428917
65	ISTO	58.847505787269554
65	ISCO	10.97185738212431
65	OGK	54.49140305241246
65	IMO	48.244683802858894
65	KBDTM	1533.9468923860118
65	OUGGHO	20.236735174485148
65	TIKBEHO	60.30587638293935
65	BOH	16.931051456223067
65	DBYSY	56.71985472545742
65	HBDMS	4809.655009916068
65	SMO	73.99452450233237
65	KSHMO	77.68695084973024
65	ONEYNOO	37.857707051651616
65	TEOG	420.00650472712204
65	YGS	170.03272201418815
65	FYMO	15.997522258164954
65	KEHMO	92.4005505787158
65	PM10	49.0670548402497
65	OA	1.6188364319500768
65	AHVNO	98.04270076450484
65	SGGPYO	16.43874736045691
65	BTHMO	58.74380882456803
65	CO	42.81085245326907
65	OYTKS	1.6358891186127336
65	GYYKGHO	89.79894249865339
65	KAHMO	76.26625982005284
65	MISKO	78.42340902162202
65	SPYO	23.49725606048049
65	SDO	7.554774213849095
65	IAS	2.0499822364700395
65	KESEO	94.16717555132661
65	HEO	1662.0147293687269
65	BTTHMO	26.559871557256557
65	STSS	32.42012833191566
65	AMA	21.614248416558887
65	SIMO	111.13615530470615
65	SHMO	55.242634426916865
65	MD	64.89953489959213
66	FBDOS	1.8020293974814299
66	KITMO	65.39073139485762
66	KKPYO	33.854617330983004
66	ISTO	51.699057301117996
66	ISCO	9.246391096259968
66	OGK	69.49791231555533
66	IMO	49.2289842004175
66	KBDTM	4751.8666522308795
66	OUGGHO	29.345789173117275
66	TIKBEHO	33.65144317468948
66	BOH	9.368868719989194
66	DBYSY	67.81893829376997
66	HBDMS	2274.0581244568184
66	SMO	36.56576411726626
66	KSHMO	86.41878150542469
66	ONEYNOO	10.671176648525663
66	TEOG	352.3678638102584
66	YGS	216.2047158650165
66	FYMO	12.403497482765719
66	KEHMO	66.97322749225863
66	PM10	60.085077235418034
66	OA	14.303731999408917
66	AHVNO	80.97160111158946
66	SGGPYO	15.628448155119134
66	BTHMO	107.59928355925526
66	CO	23.3450051588539
66	OYTKS	2.727276194306499
66	GYYKGHO	77.37224621414742
66	KAHMO	83.33752489286759
66	MISKO	92.7153261200586
66	SPYO	17.02783998834707
66	SDO	6.1161332226216
66	IAS	5.45029947898266
66	KESEO	90.32969681724614
66	HEO	0
66	BTTHMO	61.984416951104336
66	STSS	12.92206433898561
66	AMA	0
66	SIMO	128.82628185244442
66	SHMO	31.501368832149318
66	MD	62.42501903534984
67	FBDOS	1.2388362916583049
67	KITMO	61.93836280873402
67	KKPYO	21.23136237875284
67	ISTO	35.010079479012575
67	ISCO	3.55980885826793
67	OGK	97.68190053746567
67	IMO	51.865180120076545
67	KBDTM	4753.097677101527
67	OUGGHO	40.44726038650593
67	TIKBEHO	27.023486146463878
67	BOH	11.990726431725289
67	DBYSY	66.83905202949586
67	HBDMS	5279.89532576425
67	SMO	87.21750267083473
67	KSHMO	83.8041486407018
67	ONEYNOO	17.346341384111533
67	TEOG	548.3500338652711
67	YGS	134.94787589725513
67	FYMO	12.6858633688403
67	KEHMO	84.98375393434779
67	PM10	97.27081468673833
67	OA	92.84606855928314
67	AHVNO	93.22354263511659
67	SGGPYO	30.969891966306882
67	BTHMO	62.99784528097557
67	CO	21.55994349941064
67	OYTKS	1.822156502864677
67	GYYKGHO	92.22142861343373
67	KAHMO	33.63078024528404
67	MISKO	66.31144549228878
67	SPYO	22.72081123606399
67	SDO	10.921580956774637
67	IAS	6.289505042941322
67	KESEO	59.561169300016466
67	HEO	0.10262648358959327
67	BTTHMO	30.34569639006103
67	STSS	89.95493033098404
67	AMA	63.03198207457025
67	SIMO	92.69784555896705
67	SHMO	83.22371325608849
67	MD	64.59571439405633
68	FBDOS	1.4073200864228639
68	KITMO	84.21684406817187
68	KKPYO	19.25688947304122
68	ISTO	53.826307561396845
68	ISCO	5.753511332857402
68	OGK	61.30090577694521
68	IMO	101.43519011366436
68	KBDTM	5065.999583733597
68	OUGGHO	25.328276691560315
68	TIKBEHO	60.8489000687484
68	BOH	16.65928974281086
68	DBYSY	27.124390824918088
68	HBDMS	6492.183129984376
68	SMO	73.14882355880056
68	KSHMO	107.59206243238259
68	ONEYNOO	39.41254402561201
68	TEOG	382.098293517293
68	YGS	268.1972529346738
68	FYMO	10.34732242560528
68	KEHMO	102.20709662176019
68	PM10	64.44456861817844
68	OA	1.755102732838141
68	AHVNO	80.92125029912768
68	SGGPYO	23.38022177797137
68	BTHMO	58.25856546012459
68	CO	2.4610718037558375
68	OYTKS	2.869555355607703
68	GYYKGHO	73.05690190391681
68	KAHMO	126.02452554802636
68	MISKO	118.3973105373929
68	SPYO	23.80356712275886
68	SDO	5.191505147646355
68	IAS	4.499379725334679
68	KESEO	65.31140660834316
68	HEO	22.2888730074823
68	BTTHMO	52.95733777014219
68	STSS	18.589369503212485
68	AMA	49.861482939186466
68	SIMO	107.26332282215662
68	SHMO	49.65099934880624
68	MD	90.32821658525756
69	FBDOS	1.2531204801603038
69	KITMO	103.9802428876945
69	KKPYO	13.979602342050637
69	ISTO	38.514288033656285
69	ISCO	3.1225480891896122
69	OGK	51.33416061656354
69	IMO	38.0148336297146
69	KBDTM	2630.547736487374
69	OUGGHO	31.639325038421894
69	TIKBEHO	29.92693968482601
69	BOH	17.406277989584652
69	DBYSY	66.90393984354844
69	HBDMS	6427.029239944714
69	SMO	82.13651677688121
69	KSHMO	47.06204255218117
69	ONEYNOO	24.830562294981206
69	TEOG	345.9183124589574
69	YGS	240.9010149694717
69	FYMO	16.371256132849584
69	KEHMO	70.37088713481137
69	PM10	36.98998327733813
69	OA	2.140454855069838
69	AHVNO	79.88949283929908
69	SGGPYO	8.21607185085921
69	BTHMO	59.50082184715476
69	CO	18.548850696726127
69	OYTKS	4.1016466512173535
69	GYYKGHO	86.83284400158719
69	KAHMO	78.93050849350445
69	MISKO	97.48459950073331
69	SPYO	15.245302741644736
69	SDO	16.14373558323208
69	IAS	8.460564353627717
69	KESEO	64.82506589152558
69	HEO	0
69	BTTHMO	45.60881766145437
69	STSS	3.9883514478625886
69	AMA	0
69	SIMO	86.65149218091707
69	SHMO	54.09235798906241
69	MD	95.82750115929235
70	FBDOS	1.3442815271357291
70	KITMO	62.13620092835798
70	KKPYO	6.970070620880833
70	ISTO	57.44205889303894
70	ISCO	3.0590265256311344
70	OGK	55.701134528468415
70	IMO	109.03441000462487
70	KBDTM	5254.190580307971
70	OUGGHO	57.15315291045728
70	TIKBEHO	51.89267245312623
70	BOH	12.172223604323486
70	DBYSY	106.8371375941341
70	HBDMS	6695.115437681003
70	SMO	78.53301570096731
70	KSHMO	81.45058663826899
70	ONEYNOO	36.18393637066571
70	TEOG	419.9157946028696
70	YGS	208.31436060896206
70	FYMO	10.536104248158628
70	KEHMO	108.88094942461376
70	PM10	100.34392380749249
70	OA	18.13075982633047
70	AHVNO	61.808375443173006
70	SGGPYO	11.639101646324594
70	BTHMO	101.63207735325531
70	CO	31.8937595577271
70	OYTKS	3.3704542918318654
70	GYYKGHO	66.09613621737806
70	KAHMO	82.6453988778851
70	MISKO	37.75727893489319
70	SPYO	23.81912990828162
70	SDO	6.511745160103402
70	IAS	5.5332597865745985
70	KESEO	71.85019360482785
70	HEO	0
70	BTTHMO	61.70598746084056
70	STSS	10.950661827185892
70	AMA	34.16804549357839
70	SIMO	108.99239913031491
70	SHMO	55.146780908555684
70	MD	58.39776179323548
71	FBDOS	1.0030741115774027
71	KITMO	76.00977286245225
71	KKPYO	14.803025295643314
71	ISTO	42.32606327173394
71	ISCO	6.062948170183521
71	OGK	62.791901047862645
71	IMO	88.89681397967894
71	KBDTM	2822.7303682610036
71	OUGGHO	50.24703987089552
71	TIKBEHO	31.18412930634567
71	BOH	9.269116696228316
71	DBYSY	96.49176656694178
71	HBDMS	4619.156972819999
71	SMO	98.6123992068791
71	KSHMO	89.44034792929467
71	ONEYNOO	29.661036596549916
71	TEOG	279.38542068109393
71	YGS	214.5006582337831
71	FYMO	12.513421726842386
71	KEHMO	67.9115519925497
71	PM10	36.939997784563715
71	OA	9.58844700930291
71	AHVNO	99.25287262929767
71	SGGPYO	7.890030981828709
71	BTHMO	25.80967877705516
71	CO	23.763302102477645
71	OYTKS	2.2613798567061187
71	GYYKGHO	53.15271841918846
71	KAHMO	76.65926508860368
71	MISKO	98.34172785904603
71	SPYO	31.145309593999013
71	SDO	6.326836057598236
71	IAS	7.755049792540724
71	KESEO	83.87921758553311
71	HEO	968.0502715526895
71	BTTHMO	21.790994942856432
71	STSS	53.97288282049212
71	AMA	112.05369814649485
71	SIMO	131.1970423908477
71	SHMO	85.4917761521876
71	MD	108.37243354372163
72	FBDOS	1.1567421552865897
72	KITMO	43.90475969118631
72	KKPYO	26.984997532930546
72	ISTO	28.61784178081569
72	ISCO	18.572158232676443
72	OGK	82.741898028094
72	IMO	75.06860924520561
72	KBDTM	1115.8948288490722
72	OUGGHO	32.25537783777244
72	TIKBEHO	111.01731959324805
72	BOH	17.376981301468593
72	DBYSY	47.32246512042023
72	HBDMS	6420.972843361837
72	SMO	43.668790838153946
72	KSHMO	61.291422110859855
72	ONEYNOO	19.54728691668968
72	TEOG	219.63642598605128
72	YGS	140.189452858572
72	FYMO	8.48109114617889
72	KEHMO	57.75419607747509
72	PM10	60.51184995566712
72	OA	18.779124447902305
72	AHVNO	68.2982343949875
72	SGGPYO	22.191655625644792
72	BTHMO	33.17058850126945
72	CO	11.289054080655959
72	OYTKS	1.3468223109859947
72	GYYKGHO	28.928773880835013
72	KAHMO	88.95052930992904
72	MISKO	79.25537424709576
72	SPYO	22.264747063322517
72	SDO	4.2840579527016045
72	IAS	4.728111030589707
72	KESEO	38.38289651181459
72	HEO	226.66790112769348
72	BTTHMO	23.22989929840655
72	STSS	37.53280199278657
72	AMA	34.69524713794729
72	SIMO	87.18879032133185
72	SHMO	37.075795748954754
72	MD	50.2650309343614
73	FBDOS	0.5258683875600925
73	KITMO	63.159062305960845
73	KKPYO	49.47252145653876
73	ISTO	32.94635636534739
73	ISCO	19.8232308080183
73	OGK	62.41785232147175
73	IMO	73.63720168312405
73	KBDTM	803.421002731859
73	OUGGHO	19.020265892176674
73	TIKBEHO	66.59484361849925
73	BOH	16.512889026790006
73	DBYSY	50.28376258157155
73	HBDMS	4458.942621355266
73	SMO	87.81129474590526
73	KSHMO	41.35420161315511
73	ONEYNOO	27.339551769094143
73	TEOG	245.06181047904886
73	YGS	101.57588199480247
73	FYMO	8.439459206890934
73	KEHMO	78.72174086353156
73	PM10	33.28552868432798
73	OA	38.194444505502986
73	AHVNO	87.57334874603673
73	SGGPYO	15.859748928845509
73	BTHMO	57.357853277526026
73	CO	22.634123042951302
73	OYTKS	1.720045082135543
73	GYYKGHO	47.20875128068052
73	KAHMO	36.20230553733958
73	MISKO	68.16288040228284
73	SPYO	12.392174782234266
73	SDO	3.608270047630568
73	IAS	2.0006827577126485
73	KESEO	33.1119695773334
73	HEO	30.699123599208306
73	BTTHMO	54.9894892904527
73	STSS	0.20797858300100105
73	AMA	0
73	SIMO	88.92333026968245
73	SHMO	57.727866342220025
73	MD	88.98100834669276
74	FBDOS	1.4158884055821406
74	KITMO	102.55022325062588
74	KKPYO	13.11704621528583
74	ISTO	56.42602177119512
74	ISCO	5.855503672290678
74	OGK	52.573579757786604
74	IMO	88.17100044618876
74	KBDTM	5621.704462324952
74	OUGGHO	58.265664732013
74	TIKBEHO	51.430583633641284
74	BOH	11.338155223076544
74	DBYSY	70.90860457309692
74	HBDMS	12843.842653363412
74	SMO	59.0671036934233
74	KSHMO	67.83375573764211
74	ONEYNOO	39.94480732323704
74	TEOG	359.3550019325818
74	YGS	145.97640923413803
74	FYMO	11.330097085724079
74	KEHMO	78.6011424797532
74	PM10	67.15359566557922
74	OA	63.34213591707102
74	AHVNO	44.109206845522714
74	SGGPYO	5.205393477730233
74	BTHMO	103.01737198779954
74	CO	15.234943798702714
74	OYTKS	3.448840211827685
74	GYYKGHO	81.88754308524018
74	KAHMO	50.33697014881625
74	MISKO	61.00325673141282
74	SPYO	19.5965539898511
74	SDO	1.6737800241783365
74	IAS	11.231150050662581
74	KESEO	39.48276529510139
74	HEO	0.15228354905747193
74	BTTHMO	48.57135455732548
74	STSS	38.83717356693664
74	AMA	0
74	SIMO	71.12711286867189
74	SHMO	46.50870415898123
74	MD	52.69888576488097
75	FBDOS	0.9007166496130558
75	KITMO	47.44310347601886
75	KKPYO	55.960770955053675
75	ISTO	87.58653050839453
75	ISCO	6.8585121822306725
75	OGK	30.220346938882066
75	IMO	62.19356005072275
75	KBDTM	1993.4424095422244
75	OUGGHO	16.982245772650394
75	TIKBEHO	112.38570568402679
75	BOH	11.06605043523168
75	DBYSY	106.9521458616403
75	HBDMS	7395.308253790758
75	SMO	79.72500845888455
75	KSHMO	84.18408013998581
75	ONEYNOO	37.270647197438
75	TEOG	269.6915054199024
75	YGS	203.81366229892646
75	FYMO	10.000452710533107
75	KEHMO	93.81094880076026
75	PM10	38.07493758875375
75	OA	10.578540164960835
75	AHVNO	17.891932716771997
75	SGGPYO	6.990063330708253
75	BTHMO	34.59667492140769
75	CO	26.915208510884515
75	OYTKS	2.033434584915245
75	GYYKGHO	72.04124096534537
75	KAHMO	79.08787894083615
75	MISKO	105.17543737973124
75	SPYO	16.487462266901126
75	SDO	6.0285334682496945
75	IAS	6.304620632186345
75	KESEO	30.057085348247675
75	HEO	31.25820126131988
75	BTTHMO	39.114248619565124
75	STSS	9.053272960238589
75	AMA	0
75	SIMO	91.7762467892818
75	SHMO	38.44527932362429
75	MD	45.766043292988655
76	FBDOS	1.3563568990610844
76	KITMO	93.45334005693036
76	KKPYO	40.59984719375999
76	ISTO	71.30381741656055
76	ISCO	6.645924344068784
76	OGK	28.04817971824714
76	IMO	119.4373717857038
76	KBDTM	2541.686843723804
76	OUGGHO	28.513881703717416
76	TIKBEHO	96.76538019948177
76	BOH	13.688860409327155
76	DBYSY	37.42121588614183
76	HBDMS	6611.008711906447
76	SMO	113.35889096586055
76	KSHMO	99.41782792684162
76	ONEYNOO	35.50306075711602
76	TEOG	201.1213268621031
76	YGS	199.58758845510874
76	FYMO	15.783387015280574
76	KEHMO	90.87652021037773
76	PM10	82.28826843659547
76	OA	0.05159282992893023
76	AHVNO	59.98976227313412
76	SGGPYO	22.774629473284392
76	BTHMO	21.48636978152473
76	CO	16.114490191654312
76	OYTKS	0.3711129133069935
76	GYYKGHO	59.39383318054949
76	KAHMO	127.22897466678309
76	MISKO	58.105009404459004
76	SPYO	15.385461515225558
76	SDO	9.583747409904541
76	IAS	3.964679001490916
76	KESEO	33.35159483695848
76	HEO	89.49222181526501
76	BTTHMO	58.625503971981374
76	STSS	0.751677951290799
76	AMA	0
76	SIMO	108.81729017464758
76	SHMO	59.08140489233864
76	MD	42.594693129704375
77	FBDOS	1.491806301544294
77	KITMO	127.05202379556802
77	KKPYO	17.57709292004616
77	ISTO	66.72822476295728
77	ISCO	10.21890691240941
77	OGK	84.91655023983938
77	IMO	107.41282621124589
77	KBDTM	5725.699510461984
77	OUGGHO	29.54849444686902
77	TIKBEHO	31.05093639175503
77	BOH	11.789100785230184
77	DBYSY	66.09287538194049
77	HBDMS	12107.697529770627
77	SMO	79.94388151325043
77	KSHMO	60.5380744092344
77	ONEYNOO	30.87841776750235
77	TEOG	333.1356977169834
77	YGS	324.62226419948206
77	FYMO	13.006236680770488
77	KEHMO	110.91543374971248
77	PM10	36.421273886484116
77	OA	86.79802700720201
77	AHVNO	36.313394346297486
77	SGGPYO	20.669092863455045
77	BTHMO	58.09538723955011
77	CO	19.786752628458224
77	OYTKS	3.4829857956031205
77	GYYKGHO	71.63539414031592
77	KAHMO	101.29489165512453
77	MISKO	66.85202751621857
77	SPYO	16.956718466644553
77	SDO	6.043982850090266
77	IAS	11.823352441451728
77	KESEO	106.72584959189452
77	HEO	2226.7306050743987
77	BTTHMO	47.317721135985494
77	STSS	133.82387242390377
77	AMA	48.88453261793572
77	SIMO	102.25728373508734
77	SHMO	54.18933055986662
77	MD	29.851086713020017
78	FBDOS	1.1297602081789333
78	KITMO	52.91636875387246
78	KKPYO	13.764357230925604
78	ISTO	52.61976167473807
78	ISCO	6.755169562526298
78	OGK	70.79666551899741
78	IMO	99.38752305765493
78	KBDTM	3026.8241107542563
78	OUGGHO	51.15908716380835
78	TIKBEHO	47.26905223323256
78	BOH	4.715884731008935
78	DBYSY	109.18423184500381
78	HBDMS	8284.376200795265
78	SMO	55.102923774978024
78	KSHMO	77.46926775112337
78	ONEYNOO	25.812165108857798
78	TEOG	333.40283165278817
78	YGS	161.67886743361524
78	FYMO	11.905007132846574
78	KEHMO	58.28127707789959
78	PM10	41.44728909663799
78	OA	50.77453482083057
78	AHVNO	50.51099300603393
78	SGGPYO	12.65304368896747
78	BTHMO	78.16473794935186
78	CO	10.070354976034785
78	OYTKS	3.7916365907751355
78	GYYKGHO	78.21228570949516
78	KAHMO	102.87058438798891
78	MISKO	79.58539381079841
78	SPYO	26.764628684562076
78	SDO	11.520866424752924
78	IAS	18.895396850348078
78	KESEO	78.56140311770362
78	HEO	0.0847836940057677
78	BTTHMO	72.59533275096847
78	STSS	48.0133857145842
78	AMA	191.72468922241364
78	SIMO	77.55536188233224
78	SHMO	61.803021543157065
78	MD	90.60108929107443
79	FBDOS	0.9789856183124911
79	KITMO	87.23112967028048
79	KKPYO	9.101925189378644
79	ISTO	51.90907646788706
79	ISCO	8.094040062444494
79	OGK	26.365528236494598
79	IMO	66.52606251112911
79	KBDTM	1984.2188156285092
79	OUGGHO	42.13371274867342
79	TIKBEHO	73.30208808487545
79	BOH	15.345778014827204
79	DBYSY	51.20056026360133
79	HBDMS	1117.8378689871715
79	SMO	41.62446760124651
79	KSHMO	115.4031422281781
79	ONEYNOO	17.712601455882876
79	TEOG	275.0232581275618
79	YGS	205.94107984765924
79	FYMO	12.699526481534884
79	KEHMO	79.05431474351074
79	PM10	21.727738556734558
79	OA	12.834165825495381
79	AHVNO	50.739408600732226
79	SGGPYO	14.250019433966301
79	BTHMO	39.79821886285077
79	CO	33.55582549362197
79	OYTKS	4.13483042563699
79	GYYKGHO	74.75637907491961
79	KAHMO	106.71301518773419
79	MISKO	87.9577816984625
79	SPYO	19.842070976523317
79	SDO	3.7430318450032063
79	IAS	5.10838974560848
79	KESEO	80.03943516095065
79	HEO	195.4698727691566
79	BTTHMO	25.472777681994124
79	STSS	11.403731178185925
79	AMA	0
79	SIMO	101.65195727929992
79	SHMO	79.6808150796766
79	MD	44.65550629533161
80	FBDOS	1.0155326935059465
80	KITMO	112.15364875596262
80	KKPYO	17.888604846164675
80	ISTO	25.628111556939842
80	ISCO	14.357653981670252
80	OGK	71.43507087837443
80	IMO	74.62191612268444
80	KBDTM	2141.882295908697
80	OUGGHO	43.00960310237115
80	TIKBEHO	62.536141001351226
80	BOH	7.380615764745887
80	DBYSY	69.02093248542346
80	HBDMS	7115.105053899161
80	SMO	50.2184899039207
80	KSHMO	52.76243841761588
80	ONEYNOO	28.862361977242866
80	TEOG	329.0344252810204
80	YGS	282.3793707226926
80	FYMO	11.815617435714318
80	KEHMO	57.76009730191028
80	PM10	51.727828059167855
80	OA	52.07686021791027
80	AHVNO	88.38596014107408
80	SGGPYO	36.509098246622685
80	BTHMO	98.10086533227313
80	CO	32.90912941353405
80	OYTKS	2.9338368816074345
80	GYYKGHO	84.12356379586005
80	KAHMO	96.02471640774128
80	MISKO	59.37615061658929
80	SPYO	17.758266035292117
80	SDO	6.249822315754441
80	IAS	3.95067894493544
80	KESEO	74.37402629533462
80	HEO	319.9186036064606
80	BTTHMO	66.51509525947768
80	STSS	41.78031653028094
80	AMA	34.97667959293565
80	SIMO	64.126808844507
80	SHMO	45.93320283494045
80	MD	40.766096148316436
81	FBDOS	1.8756554413278756
81	KITMO	159.4654617499377
81	KKPYO	14.49175584108746
81	ISTO	24.714197815230563
81	ISCO	10.172383648295575
81	OGK	37.093065068962034
81	IMO	97.84237741546514
81	KBDTM	2030.475239685939
81	OUGGHO	64.84994408141486
81	TIKBEHO	36.987218702389406
81	BOH	11.455499970780462
81	DBYSY	84.05787670934907
81	HBDMS	6599.5505445840845
81	SMO	51.07871865472917
81	KSHMO	18.137046287756938
81	ONEYNOO	30.23643711225745
81	TEOG	374.24978569891454
81	YGS	203.85802590627435
81	FYMO	11.573252608335723
81	KEHMO	66.1002576805289
81	PM10	89.41506347078332
81	OA	49.22614233989948
81	AHVNO	112.57487632641984
81	SGGPYO	7.952240070828563
81	BTHMO	58.215429979560035
81	CO	30.661568596525854
81	OYTKS	2.767341574984494
81	GYYKGHO	82.45025357304742
81	KAHMO	57.57418453795485
81	MISKO	52.189077641756015
81	SPYO	29.605141305404004
81	SDO	7.5096548630580955
81	IAS	11.25579649817886
81	KESEO	58.90673962874868
81	HEO	0
81	BTTHMO	53.46444211958538
81	STSS	53.09352294241217
81	AMA	36.24368759065113
81	SIMO	56.13029288193411
81	SHMO	35.429460623499956
81	MD	117.06816514925664
